"Data","Último","Abertura","Máxima","Mínima","Vol.","Var%"
"28.12.2023","13.803,59","13.756,28","13.806,39","13.724,83","","0,34%"
"27.12.2023","13.756,28","13.710,67","13.775,54","13.662,31","","0,33%"
"26.12.2023","13.710,67","13.604,01","13.731,53","13.599,49","","0,78%"
"22.12.2023","13.604,01","13.508,82","13.655,96","13.474,94","","0,75%"
"21.12.2023","13.502,46","13.423,47","13.528,23","13.422,30","","0,59%"
"20.12.2023","13.423,45","13.609,44","13.620,54","13.415,43","","-1,37%"
"19.12.2023","13.609,44","13.586,74","13.710,01","13.552,97","","0,17%"
"18.12.2023","13.586,74","13.516,17","13.626,58","13.470,08","","0,52%"
"15.12.2023","13.516,17","13.481,32","13.540,94","13.387,96","","0,26%"
"14.12.2023","13.481,30","13.284,83","13.544,79","13.284,83","","1,48%"
"13.12.2023","13.284,85","12.898,99","13.336,85","12.859,85","","2,99%"
"12.12.2023","12.899,16","13.000,76","13.053,23","12.878,34","","-0,78%"
"11.12.2023","13.000,70","12.990,75","13.019,12","12.915,70","","0,08%"
"08.12.2023","12.990,82","12.831,13","13.035,57","12.776,62","","1,24%"
"07.12.2023","12.832,22","12.749,46","12.850,02","12.741,91","","0,65%"
"06.12.2023","12.749,46","12.924,76","12.987,21","12.743,07","","-1,36%"
"05.12.2023","12.924,76","12.869,84","12.970,38","12.833,13","","0,43%"
"04.12.2023","12.869,70","12.894,76","12.960,38","12.829,67","","-0,20%"
"01.12.2023","12.894,96","12.851,27","12.894,96","12.722,26","","0,34%"
"30.11.2023","12.851,27","12.662,32","12.884,27","12.662,32","","1,49%"
"29.11.2023","12.662,31","12.632,57","12.766,28","12.610,18","","0,24%"
"28.11.2023","12.632,49","12.500,40","12.686,02","12.479,47","","1,06%"
"27.11.2023","12.500,40","12.472,66","12.559,88","12.428,52","","0,22%"
"24.11.2023","12.472,78","12.548,80","12.548,80","12.418,35","","-0,61%"
"23.11.2023","12.548,80","12.434,64","12.595,30","12.434,05","","0,92%"
"22.11.2023","12.434,64","12.308,13","12.528,96","12.307,70","","1,03%"
"21.11.2023","12.308,05","12.371,54","12.374,24","12.245,62","","-0,51%"
"20.11.2023","12.371,54","12.267,80","12.417,51","12.217,34","","0,85%"
"17.11.2023","12.267,84","12.332,73","12.370,27","12.267,84","","-0,53%"
"16.11.2023","12.332,73","12.139,37","12.344,59","12.139,37","","1,59%"
"14.11.2023","12.139,37","11.944,65","12.210,39","11.944,08","","1,63%"
"13.11.2023","11.944,33","12.095,30","12.095,30","11.899,77","","-1,25%"
"10.11.2023","12.095,44","11.918,78","12.121,59","11.865,75","","1,48%"
"09.11.2023","11.918,87","12.035,40","12.081,28","11.876,90","","-0,96%"
"08.11.2023","12.034,67","11.949,81","12.050,44","11.905,70","","0,71%"
"07.11.2023","11.949,88","11.710,30","11.995,32","11.662,37","","2,04%"
"06.11.2023","11.710,49","11.647,87","11.718,20","11.597,72","","0,54%"
"03.11.2023","11.647,38","11.192,99","11.679,15","11.192,99","","4,06%"
"01.11.2023","11.192,88","11.043,06","11.239,67","11.043,06","","1,36%"
"31.10.2023","11.043,08","11.088,02","11.131,37","11.001,65","","-0,41%"
"30.10.2023","11.088,07","11.203,06","11.278,86","11.062,47","","-1,03%"
"27.10.2023","11.203,05","11.452,19","11.484,08","11.157,63","","-2,17%"
"26.10.2023","11.451,51","11.229,89","11.475,34","11.229,11","","1,97%"
"25.10.2023","11.229,84","11.265,63","11.442,29","11.229,84","","-0,32%"
"24.10.2023","11.265,73","11.207,27","11.352,05","11.185,39","","0,53%"
"23.10.2023","11.206,11","11.141,04","11.293,82","11.086,57","","0,54%"
"20.10.2023","11.145,60","11.191,45","11.277,84","11.108,46","","-0,42%"
"19.10.2023","11.192,42","11.142,69","11.336,48","11.116,62","","0,45%"
"18.10.2023","11.142,69","11.279,31","11.282,14","11.116,44","","-1,22%"
"17.10.2023","11.280,41","11.479,75","11.479,75","11.249,05","","-1,74%"
"16.10.2023","11.479,76","11.383,81","11.528,62","11.383,81","","0,84%"
"13.10.2023","11.383,66","11.574,54","11.581,07","11.380,01","","-1,65%"
"11.10.2023","11.574,70","11.460,89","11.583,06","11.432,96","","0,99%"
"10.10.2023","11.460,87","11.372,37","11.537,57","11.372,37","","0,78%"
"09.10.2023","11.372,35","11.448,35","11.448,35","11.266,87","","-0,67%"
"06.10.2023","11.449,11","11.319,37","11.496,16","11.134,57","","1,14%"
"05.10.2023","11.320,20","11.281,25","11.438,58","11.212,15","","0,35%"
"04.10.2023","11.281,25","11.049,87","11.306,76","11.049,87","","2,09%"
"03.10.2023","11.049,81","11.237,61","11.237,80","11.026,02","","-1,67%"
"02.10.2023","11.238,00","11.366,17","11.381,28","11.182,60","","-1,13%"
"29.09.2023","11.366,16","11.356,09","11.432,59","11.290,96","","0,10%"
"28.09.2023","11.354,48","11.106,25","11.387,58","11.094,84","","2,23%"
"27.09.2023","11.106,31","11.133,26","11.270,80","11.020,81","","-0,24%"
"26.09.2023","11.133,26","11.304,18","11.304,18","11.130,02","","-1,51%"
"25.09.2023","11.304,34","11.299,58","11.362,52","11.293,43","","0,04%"
"22.09.2023","11.299,45","11.352,05","11.446,06","11.294,12","","-0,44%"
"21.09.2023","11.349,89","11.658,00","11.658,00","11.332,77","","-2,65%"
"20.09.2023","11.658,96","11.554,38","11.773,77","11.554,22","","0,90%"
"19.09.2023","11.554,51","11.652,74","11.671,59","11.515,24","","-0,84%"
"18.09.2023","11.652,74","11.692,53","11.755,42","11.629,55","","-0,34%"
"15.09.2023","11.692,51","11.751,44","11.776,61","11.674,17","","-0,50%"
"14.09.2023","11.751,68","11.708,75","11.796,56","11.673,33","","0,37%"
"13.09.2023","11.708,21","11.639,93","11.802,78","11.600,26","","0,59%"
"12.09.2023","11.639,93","11.521,43","11.669,48","11.510,50","","1,03%"
"11.09.2023","11.521,45","11.285,66","11.543,10","11.285,66","","2,09%"
"08.09.2023","11.285,60","11.298,32","11.362,75","11.224,68","","-0,11%"
"06.09.2023","11.298,49","11.437,68","11.470,90","11.293,86","","-1,22%"
"05.09.2023","11.437,68","11.601,05","11.604,27","11.434,47","","-1,41%"
"04.09.2023","11.601,56","11.645,63","11.704,44","11.587,75","","-0,38%"
"01.09.2023","11.645,63","11.574,73","11.725,93","11.574,73","","0,61%"
"31.08.2023","11.574,73","11.755,63","11.756,30","11.542,34","","-1,54%"
"30.08.2023","11.755,63","11.962,91","11.994,32","11.735,53","","-1,73%"
"29.08.2023","11.962,81","11.828,94","12.052,94","11.828,94","","1,13%"
"28.08.2023","11.828,89","11.592,48","11.869,92","11.574,99","","2,04%"
"25.08.2023","11.592,48","11.731,86","11.745,36","11.515,90","","-1,19%"
"24.08.2023","11.732,11","11.925,97","11.925,97","11.709,18","","-1,63%"
"23.08.2023","11.926,07","11.739,83","11.930,72","11.722,58","","1,59%"
"22.08.2023","11.739,83","11.554,42","11.760,94","11.549,89","","1,79%"
"21.08.2023","11.533,38","11.630,49","11.638,94","11.501,90","","-0,84%"
"18.08.2023","11.631,23","11.533,60","11.679,96","11.483,43","","0,85%"
"17.08.2023","11.533,60","11.684,71","11.731,75","11.515,58","","-1,29%"
"16.08.2023","11.684,64","11.742,75","11.892,80","11.667,60","","-0,50%"
"15.08.2023","11.742,88","11.820,44","11.862,57","11.705,65","","-0,66%"
"14.08.2023","11.820,71","11.892,19","11.892,74","11.775,93","","-0,60%"
"11.08.2023","11.892,19","11.894,40","11.977,50","11.809,97","","-0,02%"
"10.08.2023","11.894,70","11.860,74","12.009,00","11.852,69","","0,29%"
"09.08.2023","11.860,62","11.941,37","11.942,23","11.779,67","","-0,68%"
"08.08.2023","11.941,33","11.997,91","12.018,83","11.777,86","","-0,47%"
"07.08.2023","11.998,01","12.024,01","12.169,75","11.980,53","","-0,22%"
"04.08.2023","12.023,97","12.288,44","12.288,44","11.990,39","","-2,15%"
"03.08.2023","12.288,37","12.309,07","12.538,16","12.249,78","","-0,17%"
"02.08.2023","12.309,00","12.318,25","12.371,08","12.172,90","","-0,07%"
"01.08.2023","12.318,07","12.377,94","12.378,14","12.189,46","","-0,49%"
"31.07.2023","12.378,19","12.290,29","12.441,42","12.288,34","","0,73%"
"28.07.2023","12.288,75","12.159,99","12.294,61","12.155,63","","1,10%"
"27.07.2023","12.154,67","12.393,81","12.432,28","12.145,56","","-1,93%"
"26.07.2023","12.393,81","12.346,93","12.404,11","12.261,63","","0,39%"
"25.07.2023","12.345,46","12.375,08","12.482,41","12.322,15","","-0,24%"
"24.07.2023","12.375,08","12.550,41","12.596,14","12.312,77","","-1,40%"
"21.07.2023","12.550,66","12.265,80","12.578,27","12.265,80","","2,32%"
"20.07.2023","12.265,73","12.165,56","12.270,78","12.145,67","","0,82%"
"19.07.2023","12.165,53","12.268,90","12.283,02","12.117,52","","-0,84%"
"18.07.2023","12.268,65","12.294,40","12.355,11","12.231,80","","-0,21%"
"17.07.2023","12.294,47","12.123,49","12.294,73","12.052,47","","1,41%"
"14.07.2023","12.123,55","12.243,37","12.279,03","12.104,35","","-0,98%"
"13.07.2023","12.243,30","12.060,27","12.312,69","12.059,26","","1,53%"
"12.07.2023","12.058,47","12.086,29","12.227,95","12.036,48","","-0,23%"
"11.07.2023","12.086,05","12.194,26","12.194,26","11.883,91","","-0,89%"
"10.07.2023","12.194,21","12.306,43","12.307,50","12.159,94","","-0,90%"
"07.07.2023","12.305,40","12.109,47","12.391,11","12.109,42","","1,62%"
"06.07.2023","12.109,47","12.379,88","12.379,88","12.091,97","","-2,18%"
"05.07.2023","12.379,88","12.351,36","12.447,54","12.289,96","","0,23%"
"04.07.2023","12.351,38","12.446,69","12.446,69","12.319,78","","-0,77%"
"03.07.2023","12.446,87","12.223,88","12.465,42","12.223,88","","1,83%"
"30.06.2023","12.223,63","12.195,94","12.374,15","12.195,94","","0,23%"
"29.06.2023","12.195,46","11.977,42","12.227,48","11.965,88","","1,82%"
"28.06.2023","11.977,54","12.062,84","12.078,83","11.946,72","","-0,68%"
"27.06.2023","12.060,01","12.129,99","12.220,72","11.922,79","","-0,58%"
"26.06.2023","12.130,25","12.213,18","12.258,08","12.005,74","","-0,68%"
"23.06.2023","12.213,42","12.199,32","12.232,21","12.124,19","","0,12%"
"22.06.2023","12.199,32","12.431,69","12.431,69","12.125,20","","-1,87%"
"21.06.2023","12.431,77","12.333,47","12.468,81","12.306,64","","0,80%"
"20.06.2023","12.333,18","12.308,41","12.340,14","12.195,00","","0,20%"
"19.06.2023","12.308,16","12.141,96","12.313,10","12.141,96","","1,37%"
"16.06.2023","12.141,96","12.127,59","12.199,10","12.046,41","","0,07%"
"15.06.2023","12.132,87","12.100,66","12.200,42","12.050,27","","0,27%"
"14.06.2023","12.100,60","11.944,23","12.103,46","11.934,98","","1,31%"
"13.06.2023","11.944,23","11.992,26","12.032,62","11.887,13","","-0,40%"
"12.06.2023","11.992,19","11.947,15","12.085,16","11.946,65","","0,38%"
"09.06.2023","11.947,21","11.768,69","11.974,14","11.768,69","","1,52%"
"07.06.2023","11.768,69","11.680,99","11.818,54","11.660,24","","0,75%"
"06.06.2023","11.680,99","11.603,67","11.725,10","11.603,15","","0,67%"
"05.06.2023","11.603,59","11.538,18","11.647,66","11.441,09","","0,57%"
"02.06.2023","11.537,69","11.345,65","11.556,76","11.345,65","","1,69%"
"01.06.2023","11.345,53","11.088,63","11.369,00","11.088,63","","2,32%"
"31.05.2023","11.088,63","11.182,80","11.206,66","11.084,17","","-0,84%"
"30.05.2023","11.182,80","11.327,57","11.440,49","11.137,09","","-1,27%"
"29.05.2023","11.326,72","11.343,94","11.359,61","11.259,16","","-0,15%"
"26.05.2023","11.343,87","11.304,13","11.508,74","11.243,58","","0,36%"
"25.05.2023","11.302,77","11.054,22","11.364,24","11.054,22","","2,25%"
"24.05.2023","11.054,21","11.180,52","11.180,52","10.991,59","","-1,13%"
"23.05.2023","11.180,05","11.130,31","11.318,60","11.100,13","","0,45%"
"22.05.2023","11.130,32","11.264,05","11.399,78","11.117,11","","-1,19%"
"19.05.2023","11.263,88","11.197,83","11.306,51","11.090,87","","0,59%"
"18.05.2023","11.197,73","11.181,16","11.214,00","11.088,79","","0,15%"
"17.05.2023","11.181,16","11.056,99","11.220,79","11.056,52","","1,12%"
"16.05.2023","11.056,94","11.164,83","11.236,78","11.031,26","","-0,97%"
"15.05.2023","11.165,01","11.112,58","11.188,12","11.074,46","","0,47%"
"12.05.2023","11.112,58","11.135,99","11.199,41","11.050,86","","-0,21%"
"11.05.2023","11.135,86","10.986,28","11.185,12","10.895,41","","1,37%"
"10.05.2023","10.985,11","10.901,74","11.008,11","10.827,22","","0,76%"
"09.05.2023","10.901,74","10.859,83","11.010,19","10.806,10","","0,38%"
"08.05.2023","10.860,47","10.746,84","10.939,26","10.746,70","","1,06%"
"05.05.2023","10.746,54","10.366,24","10.782,31","10.366,24","","3,67%"
"04.05.2023","10.366,15","10.210,09","10.449,55","10.183,40","","1,53%"
"03.05.2023","10.210,06","10.191,93","10.264,99","10.124,29","","0,18%"
"02.05.2023","10.192,06","10.460,71","10.461,82","10.153,10","","-2,57%"
"28.04.2023","10.460,72","10.370,92","10.486,73","10.289,92","","0,87%"
"27.04.2023","10.370,92","10.227,86","10.379,78","10.227,55","","1,40%"
"26.04.2023","10.227,72","10.388,13","10.395,90","10.221,09","","-1,54%"
"25.04.2023","10.388,05","10.321,26","10.396,57","10.260,05","","0,65%"
"24.04.2023","10.321,18","10.353,10","10.460,35","10.250,22","","-0,31%"
"20.04.2023","10.353,10","10.293,58","10.353,10","10.210,87","","0,58%"
"19.04.2023","10.292,93","10.467,10","10.467,47","10.275,23","","-1,66%"
"18.04.2023","10.467,10","10.490,75","10.537,04","10.352,48","","-0,23%"
"17.04.2023","10.490,72","10.505,73","10.532,67","10.420,33","","-0,14%"
"14.04.2023","10.505,73","10.403,94","10.533,24","10.305,07","","0,98%"
"13.04.2023","10.404,04","10.423,97","10.456,44","10.318,82","","-0,19%"
"12.04.2023","10.423,82","10.231,92","10.588,78","10.231,92","","1,88%"
"11.04.2023","10.231,66","9.822,71","10.245,32","9.822,71","","4,17%"
"10.04.2023","9.822,52","9.722,73","9.857,65","9.722,31","","1,03%"
"06.04.2023","9.722,73","9.751,66","9.821,33","9.666,71","","-0,30%"
"05.04.2023","9.751,73","9.755,64","9.820,25","9.649,62","","-0,04%"
"04.04.2023","9.755,64","9.569,90","9.799,10","9.569,90","","1,94%"
"03.04.2023","9.569,84","9.697,63","9.698,80","9.487,83","","-1,31%"
"31.03.2023","9.697,20","9.776,80","9.817,34","9.595,94","","-0,81%"
"30.03.2023","9.776,74","9.553,38","9.853,58","9.553,38","","2,34%"
"29.03.2023","9.553,18","9.528,76","9.592,97","9.370,88","","0,26%"
"28.03.2023","9.528,52","9.479,07","9.576,48","9.425,42","","0,52%"
"27.03.2023","9.479,07","9.396,29","9.549,29","9.396,29","","0,88%"
"24.03.2023","9.396,23","9.275,88","9.469,22","9.242,61","","1,30%"
"23.03.2023","9.275,97","9.526,92","9.629,12","9.184,42","","-2,63%"
"22.03.2023","9.526,92","9.586,51","9.713,49","9.522,56","","-0,62%"
"21.03.2023","9.586,51","9.515,76","9.691,11","9.515,76","","0,74%"
"20.03.2023","9.515,69","9.578,30","9.721,48","9.458,96","","-0,65%"
"17.03.2023","9.578,30","9.879,68","9.879,68","9.578,16","","-3,05%"
"16.03.2023","9.879,68","9.704,87","9.914,88","9.683,51","","1,80%"
"15.03.2023","9.704,74","9.666,65","9.757,24","9.469,50","","0,39%"
"14.03.2023","9.666,69","9.686,53","9.779,39","9.626,22","","-0,21%"
"13.03.2023","9.686,88","9.777,50","9.777,50","9.590,59","","-0,93%"
"10.03.2023","9.777,57","10.013,00","10.013,00","9.714,13","","-2,35%"
"09.03.2023","10.013,00","10.120,21","10.157,08","10.013,00","","-1,06%"
"08.03.2023","10.120,26","9.861,16","10.134,50","9.861,15","","2,63%"
"07.03.2023","9.861,15","9.778,44","9.879,81","9.693,75","","0,85%"
"06.03.2023","9.778,19","9.533,07","9.864,48","9.533,07","","2,57%"
"03.03.2023","9.533,07","9.521,67","9.631,30","9.511,00","","0,12%"
"02.03.2023","9.521,62","9.687,04","9.762,28","9.521,03","","-1,71%"
"01.03.2023","9.687,03","9.824,39","9.832,02","9.564,37","","-1,40%"
"28.02.2023","9.824,32","9.820,64","9.951,54","9.779,31","","0,04%"
"27.02.2023","9.820,64","9.881,94","9.926,64","9.792,04","","-0,62%"
"24.02.2023","9.881,94","10.149,27","10.149,51","9.852,72","","-2,63%"
"23.02.2023","10.149,27","10.150,56","10.306,01","10.102,28","","-0,01%"
"22.02.2023","10.150,56","10.318,86","10.319,02","10.073,40","","-1,64%"
"17.02.2023","10.319,75","10.392,76","10.392,76","10.278,65","","-0,70%"
"16.02.2023","10.392,76","10.341,59","10.426,95","10.166,67","","0,49%"
"15.02.2023","10.342,27","10.166,10","10.414,03","10.080,40","","1,73%"
"14.02.2023","10.166,17","10.243,73","10.343,85","10.123,92","","-0,75%"
"13.02.2023","10.243,35","10.030,93","10.300,90","10.026,20","","2,12%"
"10.02.2023","10.030,90","10.121,21","10.121,49","9.918,01","","-0,89%"
"09.02.2023","10.121,21","10.383,54","10.451,43","10.081,91","","-2,53%"
"08.02.2023","10.383,54","9.927,43","10.418,77","9.927,37","","4,60%"
"07.02.2023","9.927,32","10.053,09","10.084,85","9.829,42","","-1,25%"
"06.02.2023","10.053,09","10.030,37","10.072,74","9.896,90","","0,23%"
"03.02.2023","10.030,37","10.251,29","10.263,09","10.007,71","","-2,15%"
"02.02.2023","10.251,21","10.238,49","10.497,27","10.186,76","","0,12%"
"01.02.2023","10.238,49","10.403,47","10.423,54","10.138,53","","-1,59%"
"31.01.2023","10.403,47","10.304,48","10.498,36","10.297,24","","0,96%"
"30.01.2023","10.304,48","10.234,54","10.304,62","10.176,44","","0,68%"
"27.01.2023","10.234,54","10.445,92","10.455,09","10.221,35","","-2,02%"
"26.01.2023","10.445,89","10.442,33","10.516,44","10.384,10","","0,03%"
"25.01.2023","10.442,27","10.322,69","10.485,92","10.192,86","","1,16%"
"24.01.2023","10.322,69","10.215,86","10.365,45","10.215,86","","1,06%"
"23.01.2023","10.214,90","10.427,17","10.462,08","10.173,41","","-2,04%"
"20.01.2023","10.427,23","10.534,86","10.577,50","10.427,23","","-1,02%"
"19.01.2023","10.535,11","10.525,84","10.558,15","10.353,98","","0,05%"
"18.01.2023","10.529,65","10.393,51","10.640,01","10.393,51","","1,32%"
"17.01.2023","10.392,02","10.200,36","10.405,30","10.189,72","","1,88%"
"16.01.2023","10.200,33","10.380,09","10.380,16","10.142,55","","-1,73%"
"13.01.2023","10.380,14","10.462,24","10.462,24","10.223,18","","-0,78%"
"12.01.2023","10.462,24","10.615,11","10.615,69","10.352,77","","-1,44%"
"11.01.2023","10.615,24","10.410,03","10.641,08","10.374,50","","1,97%"
"10.01.2023","10.410,62","10.137,47","10.457,14","10.031,56","","2,69%"
"09.01.2023","10.138,36","10.154,16","10.231,73","10.000,70","","-0,16%"
"06.01.2023","10.154,60","9.956,61","10.159,64","9.956,04","","1,99%"
"05.01.2023","9.956,59","9.665,42","9.979,79","9.665,40","","3,03%"
"04.01.2023","9.663,91","9.593,84","9.776,14","9.570,97","","0,73%"
"03.01.2023","9.593,47","9.901,80","9.928,42","9.532,56","","-3,11%"
"02.01.2023","9.901,87","10.252,60","10.253,28","9.835,03","","-3,43%"
"29.12.2022","10.253,49","10.313,94","10.431,41","10.233,59","","-0,59%"
"28.12.2022","10.313,87","10.050,74","10.350,16","10.031,58","","2,62%"
"27.12.2022","10.050,49","10.211,77","10.228,19","9.981,47","","-1,58%"
"26.12.2022","10.211,32","10.338,09","10.338,71","10.140,27","","-1,23%"
"23.12.2022","10.338,09","10.023,03","10.357,74","10.023,03","","3,17%"
"22.12.2022","10.020,09","10.016,51","10.110,84","9.899,13","","0,04%"
"21.12.2022","10.016,51","9.937,40","10.069,15","9.886,51","","0,80%"
"20.12.2022","9.937,40","9.685,76","10.023,35","9.643,35","","2,60%"
"19.12.2022","9.685,78","9.341,44","9.736,83","9.341,42","","3,69%"
"16.12.2022","9.341,28","9.333,67","9.391,55","9.276,24","","0,08%"
"15.12.2022","9.333,97","9.328,36","9.547,93","9.182,52","","0,06%"
"14.12.2022","9.328,40","9.198,66","9.422,49","9.003,39","","1,41%"
"13.12.2022","9.198,91","9.480,84","9.589,34","9.191,59","","-2,97%"
"12.12.2022","9.480,35","9.663,32","9.721,38","9.301,61","","-1,89%"
"09.12.2022","9.663,42","9.738,77","9.774,92","9.642,08","","-0,77%"
"08.12.2022","9.738,78","10.015,60","10.015,92","9.671,02","","-2,77%"
"07.12.2022","10.016,10","10.072,34","10.146,82","10.016,10","","-0,56%"
"06.12.2022","10.072,45","9.956,47","10.072,45","9.942,22","","1,16%"
"05.12.2022","9.956,47","10.284,74","10.284,74","9.927,90","","-3,20%"
"02.12.2022","10.285,22","10.161,35","10.442,34","10.060,53","","1,29%"
"01.12.2022","10.154,38","10.252,04","10.252,04","10.064,37","","-0,95%"
"30.11.2022","10.252,01","10.156,77","10.265,02","10.002,83","","0,94%"
"29.11.2022","10.156,72","10.000,41","10.264,22","9.926,54","","1,57%"
"28.11.2022","10.000,15","10.037,37","10.099,19","9.984,62","","-0,37%"
"25.11.2022","10.037,37","10.362,82","10.364,12","10.001,12","","-3,14%"
"24.11.2022","10.362,99","10.028,29","10.460,07","10.028,21","","3,36%"
"23.11.2022","10.026,26","10.036,21","10.086,14","9.931,90","","-0,10%"
"22.11.2022","10.036,40","10.143,51","10.230,36","9.933,66","","-1,06%"
"21.11.2022","10.143,54","10.070,46","10.284,67","9.997,81","","0,73%"
"18.11.2022","10.069,97","10.006,54","10.303,73","10.006,54","","0,63%"
"17.11.2022","10.006,56","10.099,08","10.099,08","9.779,31","","-0,92%"
"16.11.2022","10.099,15","10.293,60","10.320,69","10.024,36","","-1,89%"
"14.11.2022","10.293,60","10.233,97","10.398,57","10.168,03","","0,58%"
"11.11.2022","10.233,99","10.440,23","10.505,70","10.151,25","","-1,98%"
"10.11.2022","10.440,23","10.990,60","10.990,62","10.333,77","","-5,01%"
"09.11.2022","10.990,71","11.585,02","11.585,02","10.927,84","","-5,13%"
"08.11.2022","11.585,40","11.598,13","11.659,58","11.480,05","","-0,11%"
"07.11.2022","11.598,28","11.851,56","11.851,56","11.548,17","","-2,14%"
"04.11.2022","11.851,63","11.789,39","12.047,12","11.789,10","","0,53%"
"03.11.2022","11.788,83","11.776,86","11.840,05","11.517,50","","0,10%"
"01.11.2022","11.776,88","11.714,53","11.941,68","11.584,03","","0,53%"
"31.10.2022","11.714,45","11.400,36","11.735,84","11.143,78","","2,75%"
"28.10.2022","11.400,44","11.301,63","11.400,79","11.241,50","","0,87%"
"27.10.2022","11.301,59","10.995,49","11.492,15","10.994,94","","2,78%"
"26.10.2022","10.995,49","11.394,28","11.394,28","10.964,79","","-3,50%"
"25.10.2022","11.394,41","11.514,61","11.554,74","11.394,20","","-1,05%"
"24.10.2022","11.515,11","12.060,91","12.060,91","11.507,01","","-4,54%"
"21.10.2022","12.062,83","11.736,39","12.130,27","11.707,90","","2,78%"
"20.10.2022","11.736,41","11.609,33","11.766,70","11.609,33","","1,09%"
"19.10.2022","11.609,31","11.542,63","11.638,60","11.477,40","","0,58%"
"18.10.2022","11.542,76","11.348,44","11.563,76","11.348,44","","1,71%"
"17.10.2022","11.348,16","11.218,83","11.427,59","11.209,61","","1,16%"
"14.10.2022","11.218,27","11.277,46","11.437,73","11.135,52","","-0,52%"
"13.10.2022","11.277,44","11.375,98","11.411,52","11.138,76","","-0,87%"
"11.10.2022","11.376,07","11.547,16","11.547,16","11.339,67","","-1,48%"
"10.10.2022","11.547,18","11.624,14","11.685,24","11.487,97","","-0,66%"
"07.10.2022","11.624,14","11.709,31","11.722,02","11.498,79","","-0,73%"
"06.10.2022","11.709,31","11.745,33","11.845,86","11.676,33","","-0,30%"
"05.10.2022","11.744,96","11.640,94","11.811,63","11.535,57","","0,89%"
"04.10.2022","11.640,93","11.658,69","11.984,99","11.583,14","","-0,15%"
"03.10.2022","11.658,69","10.959,26","11.665,64","10.959,10","","6,38%"
"30.09.2022","10.959,09","10.833,05","10.992,88","10.759,02","","1,16%"
"29.09.2022","10.833,01","10.847,03","10.890,88","10.646,93","","-0,14%"
"28.09.2022","10.847,91","10.836,11","10.938,97","10.769,44","","0,11%"
"27.09.2022","10.836,10","10.893,74","10.995,58","10.784,71","","-0,50%"
"26.09.2022","10.890,55","11.236,56","11.236,56","10.866,68","","-3,08%"
"23.09.2022","11.236,56","11.397,10","11.397,10","11.092,50","","-1,41%"
"22.09.2022","11.397,10","11.239,47","11.450,33","11.158,95","","1,41%"
"21.09.2022","11.238,21","11.391,65","11.424,79","11.200,40","","-1,35%"
"20.09.2022","11.391,65","11.098,24","11.412,66","11.096,75","","2,64%"
"19.09.2022","11.098,24","10.753,01","11.142,52","10.656,55","","3,20%"
"16.09.2022","10.754,20","10.821,80","10.821,80","10.643,53","","-0,63%"
"15.09.2022","10.822,73","10.876,91","10.964,63","10.777,53","","-0,50%"
"14.09.2022","10.876,91","10.910,14","10.961,55","10.811,12","","-0,30%"
"13.09.2022","10.910,15","11.077,50","11.077,50","10.863,65","","-1,51%"
"12.09.2022","11.077,48","10.927,51","11.165,68","10.927,51","","1,38%"
"09.09.2022","10.927,05","10.822,70","11.013,68","10.822,67","","0,97%"
"08.09.2022","10.822,60","10.764,42","10.885,22","10.710,31","","0,54%"
"06.09.2022","10.764,42","10.989,31","10.989,31","10.697,99","","-2,05%"
"05.09.2022","10.990,06","10.910,03","11.014,53","10.910,03","","0,73%"
"02.09.2022","10.910,10","10.757,69","11.046,17","10.757,64","","1,42%"
"01.09.2022","10.757,59","10.630,50","10.764,59","10.512,69","","1,20%"
"31.08.2022","10.630,55","10.854,19","10.941,16","10.630,55","","-2,06%"
"30.08.2022","10.854,19","10.905,24","11.009,96","10.819,72","","-0,47%"
"29.08.2022","10.905,20","10.886,56","10.968,14","10.794,04","","0,17%"
"26.08.2022","10.886,56","10.984,09","11.057,59","10.861,76","","-0,89%"
"25.08.2022","10.984,07","10.859,84","10.990,35","10.858,94","","1,14%"
"24.08.2022","10.859,89","10.860,90","10.943,33","10.828,08","","-0,01%"
"23.08.2022","10.860,76","10.775,34","10.877,57","10.762,65","","0,79%"
"22.08.2022","10.775,41","10.880,26","10.880,27","10.719,54","","-0,96%"
"19.08.2022","10.880,26","11.045,96","11.046,01","10.785,18","","-1,50%"
"18.08.2022","11.046,05","11.091,79","11.125,00","10.982,40","","-0,41%"
"17.08.2022","11.091,79","11.126,57","11.150,42","11.063,42","","-0,31%"
"16.08.2022","11.126,60","11.071,43","11.140,51","10.971,89","","0,51%"
"15.08.2022","11.070,69","11.066,94","11.109,12","10.928,52","","0,03%"
"12.08.2022","11.067,54","10.761,84","11.067,54","10.761,84","","2,85%"
"11.08.2022","10.761,20","10.712,12","10.868,19","10.712,11","","0,46%"
"10.08.2022","10.712,05","10.533,13","10.745,03","10.532,70","","1,70%"
"09.08.2022","10.533,13","10.447,12","10.625,88","10.416,67","","0,82%"
"08.08.2022","10.447,12","10.264,62","10.477,17","10.263,88","","1,78%"
"05.08.2022","10.264,38","10.118,29","10.280,49","10.001,76","","1,44%"
"04.08.2022","10.118,25","9.823,20","10.150,31","9.823,20","","3,00%"
"03.08.2022","9.823,28","9.672,74","9.835,01","9.653,43","","1,56%"
"02.08.2022","9.672,66","9.581,99","9.728,03","9.548,99","","0,95%"
"01.08.2022","9.582,04","9.664,80","9.686,57","9.519,48","","-0,86%"
"29.07.2022","9.664,80","9.696,89","9.799,13","9.647,63","","-0,33%"
"28.07.2022","9.696,76","9.560,08","9.710,51","9.473,45","","1,43%"
"27.07.2022","9.560,08","9.474,75","9.577,82","9.459,23","","0,90%"
"26.07.2022","9.474,77","9.525,68","9.571,13","9.433,52","","-0,53%"
"25.07.2022","9.525,63","9.435,08","9.547,69","9.433,23","","0,96%"
"22.07.2022","9.434,98","9.546,91","9.591,37","9.359,62","","-1,17%"
"21.07.2022","9.546,91","9.401,54","9.560,02","9.332,32","","1,55%"
"20.07.2022","9.401,54","9.412,54","9.435,47","9.330,43","","-0,12%"
"19.07.2022","9.412,57","9.184,48","9.417,75","9.183,69","","2,50%"
"18.07.2022","9.182,93","9.091,94","9.275,82","9.091,70","","1,00%"
"15.07.2022","9.091,89","8.997,08","9.150,57","8.958,99","","1,05%"
"14.07.2022","8.997,04","9.087,67","9.087,91","8.849,77","","-1,00%"
"13.07.2022","9.087,67","9.204,80","9.240,04","9.076,52","","-1,27%"
"12.07.2022","9.204,75","9.217,70","9.285,47","9.086,82","","-0,14%"
"11.07.2022","9.217,74","9.461,22","9.461,75","9.159,55","","-2,57%"
"08.07.2022","9.461,34","9.441,38","9.544,40","9.420,13","","0,21%"
"07.07.2022","9.441,25","9.308,43","9.505,04","9.308,43","","1,43%"
"06.07.2022","9.308,50","9.352,82","9.421,31","9.222,72","","-0,48%"
"05.07.2022","9.353,21","9.302,37","9.366,30","9.169,41","","0,55%"
"04.07.2022","9.302,03","9.399,09","9.399,13","9.276,21","","-1,04%"
"01.07.2022","9.399,52","9.329,23","9.447,00","9.186,04","","0,76%"
"30.06.2022","9.328,54","9.420,66","9.420,66","9.223,32","","-0,98%"
"29.06.2022","9.420,72","9.534,79","9.599,65","9.390,26","","-1,19%"
"28.06.2022","9.534,39","9.659,95","9.765,57","9.458,50","","-1,30%"
"27.06.2022","9.659,95","9.560,92","9.672,21","9.560,36","","1,04%"
"24.06.2022","9.560,92","9.601,31","9.689,52","9.534,84","","-0,42%"
"23.06.2022","9.601,43","9.754,78","9.779,81","9.567,56","","-1,57%"
"22.06.2022","9.754,66","9.742,45","9.806,21","9.645,01","","0,12%"
"21.06.2022","9.742,50","9.823,73","9.894,36","9.683,35","","-0,83%"
"20.06.2022","9.823,73","9.630,37","9.884,42","9.630,18","","2,01%"
"17.06.2022","9.630,27","9.771,36","9.771,36","9.491,51","","-1,44%"
"15.06.2022","9.771,38","9.656,94","9.871,02","9.656,25","","1,20%"
"14.06.2022","9.655,07","9.710,58","9.769,32","9.613,69","","-0,57%"
"13.06.2022","9.710,58","9.873,96","9.873,96","9.608,86","","-1,66%"
"10.06.2022","9.874,37","10.084,20","10.084,24","9.870,63","","-2,08%"
"09.06.2022","10.084,20","10.104,12","10.204,95","10.037,33","","-0,20%"
"08.06.2022","10.104,12","10.241,74","10.278,12","10.059,34","","-1,34%"
"07.06.2022","10.241,83","10.361,49","10.361,75","10.215,51","","-1,15%"
"06.06.2022","10.361,49","10.469,02","10.553,19","10.343,26","","-1,03%"
"03.06.2022","10.469,02","10.623,15","10.623,15","10.441,36","","-1,46%"
"02.06.2022","10.623,72","10.555,64","10.658,67","10.500,55","","0,64%"
"01.06.2022","10.555,64","10.702,03","10.715,59","10.552,51","","-1,37%"
"31.05.2022","10.702,03","10.623,70","10.764,07","10.623,70","","0,74%"
"30.05.2022","10.623,58","10.694,76","10.781,83","10.586,48","","-0,67%"
"27.05.2022","10.694,77","10.613,39","10.748,04","10.583,12","","0,77%"
"26.05.2022","10.613,27","10.480,34","10.656,94","10.456,08","","1,27%"
"25.05.2022","10.480,66","10.596,70","10.596,82","10.402,53","","-1,09%"
"24.05.2022","10.596,68","10.531,45","10.599,85","10.399,12","","0,62%"
"23.05.2022","10.531,45","10.378,10","10.576,03","10.378,10","","1,48%"
"20.05.2022","10.378,08","10.219,96","10.425,28","10.219,83","","1,55%"
"19.05.2022","10.219,98","10.173,23","10.254,07","10.139,66","","0,46%"
"18.05.2022","10.173,24","10.386,43","10.405,22","10.149,94","","-2,06%"
"17.05.2022","10.386,94","10.225,77","10.443,11","10.225,77","","1,58%"
"16.05.2022","10.225,56","10.106,57","10.279,77","10.051,70","","1,18%"
"13.05.2022","10.106,29","10.065,18","10.165,78","10.036,48","","0,41%"
"12.05.2022","10.065,16","9.827,79","10.084,85","9.796,85","","2,41%"
"11.05.2022","9.827,82","9.751,54","9.883,78","9.730,29","","0,78%"
"10.05.2022","9.751,77","9.762,44","9.910,03","9.714,48","","-0,11%"
"09.05.2022","9.762,44","9.755,82","9.856,95","9.618,00","","-0,04%"
"06.05.2022","9.766,38","9.744,86","9.950,44","9.662,51","","0,22%"
"05.05.2022","9.745,10","10.078,65","10.078,65","9.649,10","","-3,31%"
"04.05.2022","10.078,75","9.948,54","10.078,75","9.759,41","","1,30%"
"03.05.2022","9.948,94","9.946,17","10.011,67","9.880,62","","0,03%"
"02.05.2022","9.946,17","10.072,73","10.125,91","9.810,44","","-1,26%"
"29.04.2022","10.072,71","10.293,96","10.476,62","10.072,71","","-2,15%"
"28.04.2022","10.293,92","10.306,56","10.351,91","10.188,63","","-0,12%"
"27.04.2022","10.306,49","10.335,41","10.466,88","10.260,77","","-0,28%"
"26.04.2022","10.335,37","10.715,81","10.715,81","10.289,28","","-3,55%"
"25.04.2022","10.716,07","10.762,80","10.767,06","10.577,29","","-0,43%"
"22.04.2022","10.762,85","10.991,17","10.991,17","10.701,47","","-2,08%"
"20.04.2022","10.991,17","10.960,35","11.033,15","10.919,34","","0,28%"
"19.04.2022","10.960,35","11.052,59","11.054,30","10.853,50","","-0,83%"
"18.04.2022","11.052,59","10.917,69","11.079,73","10.904,16","","1,24%"
"14.04.2022","10.917,69","10.907,49","10.945,19","10.860,81","","0,09%"
"13.04.2022","10.907,53","10.840,23","10.946,42","10.814,42","","0,62%"
"12.04.2022","10.840,21","11.027,54","11.146,27","10.830,03","","-1,70%"
"11.04.2022","11.027,54","11.169,54","11.170,14","11.021,20","","-1,27%"
"08.04.2022","11.169,77","11.178,56","11.225,88","11.074,99","","-0,09%"
"07.04.2022","11.180,11","11.127,90","11.212,06","11.027,43","","0,47%"
"06.04.2022","11.127,96","11.181,05","11.190,16","10.996,16","","-0,47%"
"05.04.2022","11.181,05","11.476,79","11.476,79","11.170,67","","-2,58%"
"04.04.2022","11.476,79","11.530,66","11.532,03","11.371,24","","-0,48%"
"01.04.2022","11.531,59","11.441,23","11.606,24","11.441,23","","0,79%"
"31.03.2022","11.441,15","11.499,43","11.570,65","11.404,92","","-0,51%"
"30.03.2022","11.499,46","11.520,15","11.521,13","11.418,41","","-0,19%"
"29.03.2022","11.520,87","11.355,82","11.643,34","11.355,82","","1,45%"
"28.03.2022","11.355,78","11.397,29","11.447,19","11.291,49","","-0,36%"
"25.03.2022","11.397,25","11.279,98","11.437,15","11.277,47","","1,04%"
"24.03.2022","11.279,98","11.142,20","11.336,24","11.132,42","","1,24%"
"23.03.2022","11.142,34","11.145,41","11.221,03","11.035,54","","-0,03%"
"22.03.2022","11.145,45","10.887,27","11.161,43","10.886,34","","2,37%"
"21.03.2022","10.887,27","10.797,82","10.899,81","10.771,03","","0,83%"
"18.03.2022","10.797,77","10.686,67","10.798,04","10.519,31","","1,04%"
"17.03.2022","10.686,60","10.495,33","10.686,60","10.440,14","","1,82%"
"16.03.2022","10.495,79","10.285,69","10.498,86","10.285,69","","2,04%"
"15.03.2022","10.285,65","10.310,62","10.382,16","10.154,29","","-0,24%"
"14.03.2022","10.310,62","10.274,58","10.503,11","10.274,58","","0,35%"
"11.03.2022","10.274,49","10.382,52","10.502,08","10.231,41","","-1,04%"
"10.03.2022","10.382,52","10.530,88","10.531,63","10.226,15","","-1,41%"
"09.03.2022","10.530,88","10.037,22","10.556,87","10.037,14","","4,92%"
"08.03.2022","10.037,06","10.045,29","10.224,88","9.954,21","","-0,08%"
"07.03.2022","10.045,10","10.390,27","10.390,83","10.000,72","","-3,32%"
"04.03.2022","10.390,31","10.623,96","10.623,96","10.283,13","","-2,19%"
"03.03.2022","10.623,25","10.514,63","10.747,76","10.474,98","","1,03%"
"02.03.2022","10.514,62","10.639,97","10.703,38","10.446,81","","-1,18%"
"25.02.2022","10.639,97","10.571,37","10.646,32","10.507,76","","0,65%"
"24.02.2022","10.571,37","10.682,92","10.682,92","10.326,98","","-1,05%"
"23.02.2022","10.683,07","10.727,28","10.895,63","10.624,59","","-0,41%"
"22.02.2022","10.727,28","10.657,94","10.854,51","10.656,71","","0,65%"
"21.02.2022","10.657,88","10.878,07","10.891,32","10.599,64","","-2,02%"
"18.02.2022","10.877,90","10.837,87","11.015,38","10.837,87","","0,37%"
"17.02.2022","10.837,87","10.970,90","11.002,30","10.818,33","","-1,21%"
"16.02.2022","10.970,88","10.944,32","11.017,77","10.903,99","","0,24%"
"15.02.2022","10.944,34","10.713,80","11.014,59","10.713,80","","2,15%"
"14.02.2022","10.713,75","10.644,74","10.753,86","10.631,17","","0,65%"
"11.02.2022","10.644,80","10.464,82","10.809,50","10.464,82","","1,72%"
"10.02.2022","10.464,80","10.395,76","10.531,08","10.326,54","","0,66%"
"09.02.2022","10.395,69","10.593,26","10.658,23","10.369,88","","-1,87%"
"08.02.2022","10.593,26","10.542,03","10.626,11","10.455,76","","0,49%"
"07.02.2022","10.541,37","10.629,12","10.651,64","10.537,35","","-0,82%"
"04.02.2022","10.628,44","10.601,08","10.651,33","10.476,85","","0,26%"
"03.02.2022","10.601,08","10.572,77","10.660,43","10.493,52","","0,27%"
"02.02.2022","10.572,77","10.775,31","10.776,09","10.532,86","","-1,88%"
"01.02.2022","10.775,34","10.781,64","10.823,29","10.721,70","","-0,06%"
"31.01.2022","10.781,53","10.654,21","10.846,76","10.586,17","","1,20%"
"28.01.2022","10.654,21","10.567,30","10.660,88","10.448,37","","0,82%"
"27.01.2022","10.567,28","10.355,94","10.636,57","10.355,65","","2,04%"
"26.01.2022","10.356,26","10.233,59","10.463,07","10.233,49","","1,20%"
"25.01.2022","10.233,46","9.924,27","10.281,15","9.837,13","","3,10%"
"24.01.2022","9.925,43","9.997,85","10.060,21","9.802,13","","-0,73%"
"21.01.2022","9.998,24","9.974,59","10.136,25","9.915,29","","0,24%"
"20.01.2022","9.974,59","9.763,22","10.020,15","9.763,11","","2,16%"
"19.01.2022","9.763,22","9.722,19","9.861,21","9.706,58","","0,42%"
"18.01.2022","9.722,19","9.736,08","9.768,71","9.653,41","","-0,14%"
"17.01.2022","9.736,08","9.714,40","9.796,58","9.607,89","","0,22%"
"14.01.2022","9.714,47","9.526,69","9.742,01","9.526,38","","1,97%"
"13.01.2022","9.526,69","9.462,08","9.592,53","9.410,21","","0,69%"
"12.01.2022","9.461,86","9.428,67","9.524,90","9.384,68","","0,35%"
"11.01.2022","9.428,67","9.311,87","9.428,67","9.252,41","","1,25%"
"10.01.2022","9.311,92","9.333,40","9.347,01","9.187,63","","-0,23%"
"07.01.2022","9.333,40","9.175,31","9.333,40","9.101,99","","1,72%"
"06.01.2022","9.175,44","9.059,55","9.190,94","9.021,13","","1,30%"
"05.01.2022","9.057,60","9.230,47","9.267,08","9.023,10","","-1,87%"
"04.01.2022","9.230,41","9.211,78","9.294,78","9.150,22","","0,20%"
"03.01.2022","9.211,82","9.205,70","9.467,44","9.152,23","","0,07%"
"30.12.2021","9.205,71","9.210,12","9.245,61","9.157,87","","-0,05%"
"29.12.2021","9.210,12","9.289,43","9.316,51","9.177,71","","-0,85%"
"28.12.2021","9.289,43","9.342,85","9.364,32","9.255,31","","-0,57%"
"27.12.2021","9.342,81","9.282,12","9.364,77","9.253,11","","0,65%"
"23.12.2021","9.282,11","9.301,03","9.332,12","9.230,98","","-0,19%"
"22.12.2021","9.300,10","9.245,14","9.309,85","9.184,16","","0,60%"
"21.12.2021","9.245,09","9.331,12","9.392,38","9.229,79","","-0,92%"
"20.12.2021","9.330,95","9.553,88","9.554,95","9.249,60","","-2,36%"
"17.12.2021","9.556,02","9.707,45","9.707,45","9.487,39","","-1,56%"
"16.12.2021","9.707,53","9.709,62","9.827,71","9.654,15","","-0,02%"
"15.12.2021","9.709,61","9.664,30","9.745,75","9.500,24","","0,47%"
"14.12.2021","9.664,30","9.707,20","9.900,59","9.646,36","","-0,44%"
"13.12.2021","9.707,20","9.884,27","10.021,85","9.707,20","","-1,79%"
"10.12.2021","9.884,27","9.689,68","9.884,44","9.689,68","","2,01%"
"09.12.2021","9.689,62","9.976,98","9.981,02","9.648,27","","-2,88%"
"08.12.2021","9.976,98","9.948,87","10.009,17","9.860,85","","0,28%"
"07.12.2021","9.948,87","9.935,09","10.092,04","9.913,32","","0,14%"
"06.12.2021","9.934,97","9.805,38","10.095,29","9.805,36","","1,32%"
"03.12.2021","9.805,38","9.774,53","10.015,71","9.718,14","","0,32%"
"02.12.2021","9.774,53","9.450,26","9.847,17","9.450,26","","3,43%"
"01.12.2021","9.450,20","9.574,55","9.825,68","9.450,07","","-1,28%"
"30.11.2021","9.573,13","9.729,53","9.745,37","9.431,28","","-1,61%"
"29.11.2021","9.729,55","9.764,22","9.909,58","9.690,35","","-0,36%"
"26.11.2021","9.764,22","10.107,68","10.107,68","9.667,76","","-3,42%"
"25.11.2021","10.110,17","9.917,48","10.177,56","9.917,25","","1,94%"
"24.11.2021","9.917,48","9.724,50","9.947,81","9.614,57","","1,98%"
"23.11.2021","9.724,50","9.622,97","9.727,37","9.497,28","","1,06%"
"22.11.2021","9.622,11","9.849,49","9.941,50","9.613,67","","-2,31%"
"19.11.2021","9.849,41","9.856,47","9.941,75","9.758,60","","-0,07%"
"18.11.2021","9.856,71","9.963,39","10.038,83","9.771,96","","-1,07%"
"17.11.2021","9.963,37","10.056,42","10.200,93","9.889,39","","-0,92%"
"16.11.2021","10.056,17","10.228,30","10.341,86","10.011,46","","-1,68%"
"12.11.2021","10.228,21","10.290,78","10.418,15","10.119,95","","-0,61%"
"11.11.2021","10.291,01","10.201,15","10.398,61","10.201,15","","0,97%"
"10.11.2021","10.192,47","9.918,81","10.369,41","9.905,89","","2,76%"
"09.11.2021","9.918,81","9.928,57","10.139,69","9.892,16","","-0,10%"
"08.11.2021","9.928,51","10.062,22","10.075,89","9.881,54","","-1,33%"
"05.11.2021","10.062,22","9.845,97","10.166,81","9.845,97","","2,20%"
"04.11.2021","9.845,89","10.193,31","10.232,86","9.813,99","","-3,41%"
"03.11.2021","10.193,31","10.119,44","10.321,11","10.024,07","","0,73%"
"01.11.2021","10.119,85","9.779,13","10.168,67","9.779,13","","3,48%"
"29.10.2021","9.779,05","10.002,54","10.088,27","9.779,05","","-2,23%"
"28.10.2021","10.001,81","10.077,73","10.149,86","9.891,58","","-0,75%"
"27.10.2021","10.077,73","10.015,24","10.292,13","10.014,04","","0,63%"
"26.10.2021","10.014,30","10.300,20","10.300,20","9.987,04","","-2,78%"
"25.10.2021","10.300,34","10.092,86","10.374,06","10.092,84","","2,06%"
"22.10.2021","10.092,75","10.426,33","10.426,33","9.761,37","","-3,20%"
"21.10.2021","10.426,35","10.714,68","10.714,70","10.253,02","","-2,69%"
"20.10.2021","10.714,79","10.416,65","10.811,76","10.416,40","","2,86%"
"19.10.2021","10.416,65","10.803,86","10.804,32","10.342,64","","-3,59%"
"18.10.2021","10.804,05","10.778,16","10.854,95","10.572,53","","0,24%"
"15.10.2021","10.778,18","10.446,83","10.804,89","10.446,83","","3,17%"
"14.10.2021","10.446,81","10.465,29","10.536,97","10.365,93","","-0,18%"
"13.10.2021","10.465,26","10.275,21","10.500,43","10.223,63","","1,86%"
"11.10.2021","10.273,80","10.549,63","10.558,85","10.246,28","","-2,61%"
"08.10.2021","10.549,63","10.331,87","10.743,13","10.330,37","","2,11%"
"07.10.2021","10.331,82","10.403,07","10.511,79","10.328,60","","-0,68%"
"06.10.2021","10.403,00","10.382,31","10.411,12","10.135,56","","0,19%"
"05.10.2021","10.382,90","10.313,62","10.570,05","10.278,17","","0,67%"
"04.10.2021","10.313,51","10.697,68","10.697,71","10.229,64","","-3,59%"
"01.10.2021","10.697,23","10.363,79","10.741,42","10.363,44","","3,21%"
"30.09.2021","10.364,93","10.467,19","10.542,42","10.340,35","","-0,98%"
"29.09.2021","10.467,19","10.382,07","10.539,42","10.379,87","","0,82%"
"28.09.2021","10.381,73","10.751,80","10.800,70","10.367,87","","-3,45%"
"27.09.2021","10.752,30","10.625,35","10.841,92","10.521,93","","1,20%"
"24.09.2021","10.625,20","10.730,66","10.730,92","10.566,72","","-0,99%"
"23.09.2021","10.731,23","10.565,85","10.790,45","10.565,85","","1,57%"
"22.09.2021","10.565,80","10.292,92","10.663,73","10.292,92","","2,65%"
"21.09.2021","10.292,84","10.235,08","10.397,98","10.225,72","","0,57%"
"20.09.2021","10.235,01","10.560,74","10.560,74","10.140,42","","-3,09%"
"17.09.2021","10.560,83","10.802,99","10.803,04","10.548,27","","-2,24%"
"16.09.2021","10.803,04","10.814,03","10.814,05","10.686,64","","-0,10%"
"15.09.2021","10.814,08","10.937,85","10.958,56","10.764,77","","-1,13%"
"14.09.2021","10.937,85","10.962,45","11.087,74","10.896,62","","-0,22%"
"13.09.2021","10.962,43","10.722,83","11.038,46","10.722,83","","2,29%"
"10.09.2021","10.716,73","10.804,91","10.999,72","10.699,28","","-0,81%"
"09.09.2021","10.804,78","10.577,57","10.899,42","10.492,83","","2,15%"
"08.09.2021","10.577,57","11.203,31","11.203,35","10.555,94","","-5,59%"
"06.09.2021","11.203,33","11.058,88","11.222,71","11.018,30","","1,30%"
"03.09.2021","11.059,22","11.136,59","11.208,82","10.936,29","","-0,69%"
"02.09.2021","11.136,53","11.483,21","11.483,27","11.107,84","","-3,02%"
"01.09.2021","11.483,87","11.445,27","11.593,64","11.444,79","","0,34%"
"31.08.2021","11.445,27","11.367,34","11.571,08","11.325,72","","0,68%"
"30.08.2021","11.367,42","11.501,67","11.501,67","11.339,75","","-1,17%"
"27.08.2021","11.501,72","11.245,21","11.501,72","11.245,19","","2,28%"
"26.08.2021","11.245,21","11.441,26","11.479,29","11.242,12","","-1,71%"
"25.08.2021","11.441,33","11.454,56","11.454,56","11.315,59","","-0,12%"
"24.08.2021","11.454,74","11.209,18","11.541,71","11.209,18","","2,20%"
"23.08.2021","11.207,94","11.240,91","11.309,74","11.151,17","","-0,29%"
"20.08.2021","11.240,87","11.205,34","11.285,25","11.039,48","","0,29%"
"19.08.2021","11.207,82","11.113,59","11.263,01","10.998,31","","0,84%"
"18.08.2021","11.114,82","11.161,78","11.362,70","11.092,62","","-0,42%"
"17.08.2021","11.162,15","11.273,28","11.287,79","10.971,70","","-1,01%"
"16.08.2021","11.275,58","11.496,40","11.551,21","11.264,35","","-1,94%"
"13.08.2021","11.498,91","11.366,33","11.509,28","11.213,44","","1,17%"
"12.08.2021","11.366,35","11.725,86","11.729,89","11.358,05","","-3,07%"
"11.08.2021","11.725,86","11.787,33","11.860,91","11.616,13","","-0,50%"
"10.08.2021","11.785,35","11.941,71","11.990,50","11.761,55","","-1,31%"
"09.08.2021","11.941,67","11.879,56","12.016,07","11.877,51","","0,52%"
"06.08.2021","11.879,58","11.635,06","11.910,99","11.631,64","","2,10%"
"05.08.2021","11.635,02","11.699,30","11.910,59","11.580,59","","-0,55%"
"04.08.2021","11.699,26","11.962,40","11.962,51","11.655,90","","-2,20%"
"03.08.2021","11.962,41","11.845,68","12.017,33","11.697,47","","0,99%"
"02.08.2021","11.845,46","11.713,85","12.119,72","11.713,76","","1,12%"
"30.07.2021","11.713,83","12.020,14","12.083,18","11.688,43","","-2,55%"
"29.07.2021","12.020,94","12.115,01","12.163,08","11.927,45","","-0,78%"
"28.07.2021","12.115,01","11.979,01","12.182,61","11.978,59","","1,14%"
"27.07.2021","11.978,90","12.044,89","12.044,95","11.869,83","","-0,55%"
"26.07.2021","12.044,95","11.944,75","12.097,91","11.932,96","","0,84%"
"23.07.2021","11.944,73","12.023,57","12.073,66","11.873,12","","-0,65%"
"22.07.2021","12.023,02","12.119,51","12.151,81","11.988,84","","-0,80%"
"21.07.2021","12.119,51","12.060,77","12.182,14","12.043,11","","0,50%"
"20.07.2021","12.059,64","11.944,42","12.099,26","11.838,01","","0,96%"
"19.07.2021","11.944,48","12.050,45","12.050,45","11.833,96","","-0,89%"
"16.07.2021","12.052,06","12.256,45","12.305,02","12.042,91","","-1,67%"
"15.07.2021","12.256,27","12.343,97","12.381,73","12.174,24","","-0,71%"
"14.07.2021","12.343,97","12.210,09","12.497,45","12.210,09","","1,10%"
"13.07.2021","12.210,01","12.187,48","12.263,09","12.008,89","","0,19%"
"12.07.2021","12.187,17","11.910,09","12.227,15","11.910,09","","2,33%"
"08.07.2021","11.910,09","12.048,96","12.048,96","11.778,28","","-1,15%"
"07.07.2021","12.049,12","11.904,96","12.068,04","11.855,27","","1,21%"
"06.07.2021","11.904,92","12.052,41","12.059,54","11.871,07","","-1,22%"
"05.07.2021","12.052,54","12.215,79","12.224,30","12.039,90","","-1,34%"
"02.07.2021","12.216,23","12.057,69","12.230,33","12.049,60","","1,32%"
"01.07.2021","12.057,50","12.193,03","12.232,93","11.975,46","","-1,11%"
"30.06.2021","12.193,03","12.263,83","12.274,38","12.166,08","","-0,58%"
"29.06.2021","12.263,83","12.284,71","12.306,23","12.146,72","","-0,17%"
"28.06.2021","12.284,71","12.270,19","12.296,66","12.165,80","","0,12%"
"25.06.2021","12.270,16","12.569,58","12.630,67","12.191,41","","-2,38%"
"24.06.2021","12.569,58","12.594,10","12.697,73","12.523,84","","-0,19%"
"23.06.2021","12.594,10","12.625,55","12.774,40","12.576,94","","-0,26%"
"22.06.2021","12.626,67","12.728,32","12.728,32","12.527,82","","-0,80%"
"21.06.2021","12.728,76","12.740,48","12.783,88","12.621,33","","-0,09%"
"18.06.2021","12.740,36","12.844,41","12.845,37","12.676,29","","-0,81%"
"17.06.2021","12.844,47","12.858,81","13.129,42","12.789,12","","-0,11%"
"16.06.2021","12.858,81","12.688,87","12.992,99","12.688,05","","1,34%"
"15.06.2021","12.688,73","12.616,73","12.710,36","12.571,54","","0,57%"
"14.06.2021","12.616,73","12.584,46","12.710,33","12.559,61","","0,26%"
"11.06.2021","12.584,46","12.695,45","12.697,77","12.463,58","","-0,88%"
"10.06.2021","12.695,89","12.736,14","12.855,45","12.608,49","","-0,29%"
"09.06.2021","12.733,42","12.714,60","12.888,21","12.506,25","","0,15%"
"08.06.2021","12.714,64","12.911,42","12.913,39","12.629,77","","-1,53%"
"07.06.2021","12.911,79","12.779,24","12.941,80","12.695,31","","1,04%"
"04.06.2021","12.779,24","12.620,23","12.791,19","12.584,03","","1,26%"
"02.06.2021","12.620,23","12.467,69","12.620,23","12.346,83","","1,23%"
"01.06.2021","12.466,89","12.248,19","12.466,89","12.248,19","","1,79%"
"31.05.2021","12.248,19","12.227,83","12.264,89","12.173,36","","0,17%"
"28.05.2021","12.227,83","12.103,51","12.237,76","12.077,75","","1,02%"
"27.05.2021","12.104,33","12.109,29","12.152,54","11.940,39","","-0,04%"
"26.05.2021","12.109,22","11.986,69","12.170,94","11.986,69","","1,02%"
"25.05.2021","11.986,58","12.161,80","12.185,87","11.945,66","","-1,44%"
"24.05.2021","12.161,71","11.961,25","12.180,64","11.959,58","","1,68%"
"21.05.2021","11.961,07","11.948,20","11.976,66","11.797,53","","0,11%"
"20.05.2021","11.948,15","11.835,92","11.992,55","11.834,07","","0,95%"
"19.05.2021","11.835,54","11.776,44","11.837,91","11.599,27","","0,50%"
"18.05.2021","11.776,55","11.770,95","11.851,46","11.715,49","","0,05%"
"17.05.2021","11.770,95","11.762,37","11.782,36","11.643,30","","0,07%"
"14.05.2021","11.762,37","11.598,91","11.809,73","11.598,91","","1,41%"
"13.05.2021","11.598,74","11.392,06","11.665,36","11.389,39","","1,81%"
"12.05.2021","11.392,06","11.649,32","11.649,68","11.341,11","","-2,21%"
"11.05.2021","11.649,35","11.654,95","11.669,80","11.481,14","","-0,05%"
"10.05.2021","11.654,94","11.593,63","11.681,11","11.517,60","","0,53%"
"07.05.2021","11.593,35","11.388,36","11.596,02","11.388,36","","1,80%"
"06.05.2021","11.388,42","11.466,04","11.476,95","11.316,04","","-0,59%"
"05.05.2021","11.456,54","11.265,57","11.473,65","11.213,33","","1,74%"
"04.05.2021","11.260,53","11.608,89","11.677,55","11.251,13","","-3,00%"
"03.05.2021","11.609,33","11.461,88","11.697,17","11.461,68","","1,29%"
"30.04.2021","11.461,30","11.491,41","11.548,09","11.402,16","","-0,25%"
"29.04.2021","11.490,54","11.708,82","11.771,82","11.473,61","","-1,86%"
"28.04.2021","11.708,67","11.370,90","11.737,81","11.370,70","","2,98%"
"27.04.2021","11.369,52","11.404,23","11.474,28","11.346,57","","-0,29%"
"26.04.2021","11.403,08","11.419,06","11.547,15","11.316,37","","-0,13%"
"23.04.2021","11.418,47","11.251,09","11.493,96","11.251,09","","1,49%"
"22.04.2021","11.251,21","11.296,10","11.399,34","11.229,02","","-0,40%"
"20.04.2021","11.296,10","11.361,21","11.414,73","11.268,42","","-0,57%"
"19.04.2021","11.361,20","11.487,52","11.508,38","11.338,98","","-1,09%"
"16.04.2021","11.486,71","11.347,84","11.531,32","11.335,22","","1,22%"
"15.04.2021","11.347,84","11.386,21","11.479,73","11.250,24","","-0,34%"
"14.04.2021","11.386,21","11.321,86","11.521,79","11.276,16","","0,58%"
"13.04.2021","11.320,97","11.387,59","11.387,59","11.221,27","","-0,59%"
"12.04.2021","11.387,66","11.168,29","11.392,15","11.168,29","","1,97%"
"09.04.2021","11.168,05","11.209,85","11.300,61","11.134,66","","-0,37%"
"08.04.2021","11.209,85","11.219,57","11.295,55","11.166,98","","-0,08%"
"07.04.2021","11.218,99","11.239,38","11.330,66","11.161,29","","-0,18%"
"06.04.2021","11.239,49","11.242,73","11.333,59","11.193,71","","-0,03%"
"05.04.2021","11.242,33","11.121,11","11.289,24","11.120,01","","1,12%"
"01.04.2021","11.118,21","11.371,77","11.425,58","11.101,62","","-2,23%"
"31.03.2021","11.371,36","11.452,50","11.474,84","11.254,47","","-0,71%"
"30.03.2021","11.452,48","11.262,84","11.455,42","11.221,93","","1,68%"
"29.03.2021","11.263,02","11.288,93","11.314,53","11.142,90","","-0,23%"
"26.03.2021","11.288,43","11.213,41","11.375,76","11.163,18","","0,68%"
"25.03.2021","11.212,30","11.063,76","11.230,44","10.935,87","","1,34%"
"24.03.2021","11.063,98","11.259,75","11.333,88","11.063,98","","-1,74%"
"23.03.2021","11.259,70","11.382,17","11.493,54","11.240,93","","-1,08%"
"22.03.2021","11.382,39","11.404,90","11.411,29","11.216,87","","-0,20%"
"19.03.2021","11.405,20","11.225,05","11.434,34","11.186,05","","1,60%"
"18.03.2021","11.225,19","11.172,22","11.457,08","11.172,22","","0,47%"
"17.03.2021","11.172,21","10.850,27","11.190,71","10.779,16","","2,96%"
"16.03.2021","10.850,75","11.033,95","11.048,22","10.756,54","","-1,66%"
"15.03.2021","11.033,95","10.975,35","11.098,08","10.904,29","","0,30%"
"12.03.2021","11.001,17","11.104,37","11.104,86","10.921,00","","-0,93%"
"11.03.2021","11.104,14","10.967,11","11.133,36","10.862,53","","1,25%"
"10.03.2021","10.966,62","10.738,53","11.019,29","10.659,17","","2,12%"
"09.03.2021","10.738,53","10.688,79","10.929,81","10.583,67","","0,47%"
"08.03.2021","10.688,72","11.217,28","11.217,28","10.646,06","","-4,79%"
"05.03.2021","11.226,76","10.978,69","11.269,87","10.974,76","","2,26%"
"04.03.2021","10.978,76","10.868,17","11.224,89","10.863,61","","1,02%"
"03.03.2021","10.868,04","10.809,90","10.952,01","10.383,56","","0,54%"
"02.03.2021","10.809,90","10.549,58","10.938,86","10.231,14","","2,47%"
"01.03.2021","10.549,70","10.691,08","10.870,05","10.549,70","","-1,32%"
"26.02.2021","10.690,92","10.864,25","11.059,33","10.687,06","","-1,59%"
"25.02.2021","10.863,79","11.151,13","11.278,49","10.821,77","","-2,57%"
"24.02.2021","11.150,45","11.195,54","11.302,31","11.045,96","","-0,40%"
"23.02.2021","11.195,25","10.824,19","11.252,56","10.824,19","","3,44%"
"22.02.2021","10.823,09","11.437,87","11.437,87","10.745,08","","-5,38%"
"19.02.2021","11.438,22","11.475,23","11.579,09","11.415,11","","-0,32%"
"18.02.2021","11.475,22","11.623,39","11.676,56","11.443,46","","-1,22%"
"17.02.2021","11.616,53","11.644,38","11.695,42","11.523,47","","-0,24%"
"12.02.2021","11.644,37","11.671,19","11.722,52","11.519,13","","-0,23%"
"11.02.2021","11.671,19","11.627,74","11.787,81","11.587,06","","0,37%"
"10.02.2021","11.627,74","11.857,52","11.930,45","11.600,65","","-1,94%"
"09.02.2021","11.858,25","11.819,96","11.944,61","11.621,19","","0,32%"
"08.02.2021","11.820,96","11.938,24","11.965,95","11.787,93","","-0,98%"
"05.02.2021","11.938,24","11.936,77","12.080,24","11.868,43","","0,01%"
"04.02.2021","11.936,86","11.890,47","12.024,13","11.859,15","","0,40%"
"03.02.2021","11.889,81","11.762,24","11.981,43","11.762,24","","1,09%"
"02.02.2021","11.761,75","11.710,36","11.899,47","11.655,11","","0,44%"
"01.02.2021","11.709,89","11.478,41","11.793,22","11.478,41","","2,02%"
"29.01.2021","11.477,96","11.807,68","11.810,00","11.441,37","","-2,80%"
"28.01.2021","11.808,30","11.360,28","11.844,46","11.355,71","","3,94%"
"27.01.2021","11.360,28","11.385,33","11.541,68","11.248,31","","-0,22%"
"26.01.2021","11.385,35","11.541,23","11.728,75","11.343,07","","-1,37%"
"22.01.2021","11.543,73","11.672,00","11.672,00","11.438,95","","-1,13%"
"21.01.2021","11.675,97","11.890,73","11.943,16","11.627,96","","-1,81%"
"20.01.2021","11.890,82","12.055,20","12.118,90","11.835,43","","-1,35%"
"19.01.2021","12.053,11","12.160,56","12.291,38","11.970,74","","-0,86%"
"18.01.2021","12.157,53","12.094,15","12.330,36","12.094,15","","0,52%"
"15.01.2021","12.094,09","12.492,65","12.492,65","12.085,27","","-3,19%"
"14.01.2021","12.493,01","12.296,73","12.563,13","12.296,73","","1,60%"
"13.01.2021","12.296,63","12.445,17","12.512,60","12.163,53","","-1,19%"
"12.01.2021","12.445,15","12.319,92","12.487,86","12.310,14","","1,02%"
"11.01.2021","12.319,11","12.598,64","12.598,64","12.182,09","","-2,22%"
"08.01.2021","12.598,68","12.456,61","12.666,28","12.456,02","","1,15%"
"07.01.2021","12.455,97","12.043,86","12.499,96","12.029,49","","3,43%"
"06.01.2021","12.043,48","11.951,15","12.249,82","11.944,04","","0,77%"
"05.01.2021","11.951,00","12.036,08","12.047,86","11.769,15","","-0,71%"
"04.01.2021","12.035,98","12.281,87","12.409,24","11.988,17","","-1,96%"
"30.12.2020","12.276,50","12.415,87","12.483,96","12.267,82","","-1,11%"
"29.12.2020","12.413,77","12.402,17","12.467,19","12.319,72","","0,10%"
"28.12.2020","12.401,83","12.200,72","12.403,29","12.200,72","","1,65%"
"23.12.2020","12.200,66","12.045,86","12.244,17","12.045,86","","1,29%"
"22.12.2020","12.045,86","11.884,88","12.088,06","11.884,88","","1,36%"
"21.12.2020","11.884,72","12.109,73","12.109,73","11.822,28","","-1,89%"
"18.12.2020","12.114,16","12.179,67","12.271,71","12.078,68","","-0,54%"
"17.12.2020","12.179,50","12.167,41","12.308,04","12.116,80","","0,12%"
"16.12.2020","12.164,86","11.928,15","12.262,85","11.848,84","","1,99%"
"15.12.2020","11.927,96","11.824,25","12.009,91","11.822,40","","0,92%"
"14.12.2020","11.819,66","11.875,83","11.971,17","11.815,33","","-0,47%"
"11.12.2020","11.875,62","11.830,87","11.927,68","11.641,59","","0,38%"
"10.12.2020","11.830,73","11.454,14","11.848,45","11.452,49","","3,29%"
"09.12.2020","11.453,69","11.522,85","11.584,41","11.420,52","","-0,58%"
"08.12.2020","11.521,06","11.563,76","11.720,88","11.448,30","","-0,37%"
"07.12.2020","11.563,78","11.522,45","11.722,70","11.446,83","","0,37%"
"04.12.2020","11.521,60","11.459,22","11.565,52","11.398,39","","0,57%"
"03.12.2020","11.455,96","11.449,10","11.737,72","11.434,53","","0,05%"
"02.12.2020","11.450,62","11.303,79","11.450,62","11.285,98","","1,30%"
"01.12.2020","11.303,75","10.924,47","11.446,62","10.924,47","","3,48%"
"30.11.2020","10.923,15","11.115,80","11.132,58","10.920,92","","-1,73%"
"27.11.2020","11.115,80","11.113,02","11.302,76","11.104,95","","0,03%"
"26.11.2020","11.112,93","11.203,51","11.203,51","11.005,66","","-0,81%"
"25.11.2020","11.203,13","11.238,09","11.262,56","11.093,48","","-0,31%"
"24.11.2020","11.237,87","10.936,69","11.309,38","10.936,67","","2,75%"
"23.11.2020","10.936,69","10.895,50","11.025,30","10.882,95","","0,42%"
"20.11.2020","10.891,47","10.973,24","10.998,46","10.841,79","","-0,75%"
"19.11.2020","10.973,24","10.910,57","11.061,46","10.885,22","","0,57%"
"18.11.2020","10.910,92","11.057,84","11.077,33","10.876,67","","-1,33%"
"17.11.2020","11.057,87","10.990,20","11.068,98","10.863,31","","0,62%"
"16.11.2020","10.990,15","10.721,23","11.009,58","10.721,23","","2,51%"
"13.11.2020","10.720,89","10.503,44","10.724,61","10.485,72","","2,07%"
"12.11.2020","10.503,44","10.789,60","10.823,39","10.423,90","","-2,65%"
"11.11.2020","10.789,58","10.798,10","10.891,69","10.610,00","","-0,08%"
"10.11.2020","10.798,10","10.455,23","10.872,63","10.451,01","","3,28%"
"09.11.2020","10.455,47","10.047,51","10.710,73","10.047,51","","4,07%"
"06.11.2020","10.047,01","10.017,23","10.067,54","9.893,23","","0,30%"
"05.11.2020","10.017,23","9.744,09","10.044,53","9.744,04","","2,81%"
"04.11.2020","9.743,90","9.484,80","9.797,56","9.484,63","","2,73%"
"03.11.2020","9.484,55","9.341,74","9.602,85","9.341,74","","1,53%"
"30.10.2020","9.341,44","9.602,69","9.602,69","9.270,10","","-2,73%"
"29.10.2020","9.603,81","9.535,49","9.639,12","9.252,64","","0,72%"
"28.10.2020","9.535,49","10.000,97","10.000,97","9.531,79","","-4,67%"
"27.10.2020","10.002,37","10.297,12","10.444,34","9.966,45","","-2,86%"
"26.10.2020","10.296,77","10.233,48","10.355,00","10.105,78","","0,61%"
"23.10.2020","10.234,46","10.338,89","10.479,79","10.220,87","","-1,01%"
"22.10.2020","10.338,80","10.101,18","10.373,83","10.091,17","","2,35%"
"21.10.2020","10.101,18","10.041,62","10.223,39","9.953,95","","0,60%"
"20.10.2020","10.041,14","9.711,41","10.061,08","9.711,26","","3,42%"
"19.10.2020","9.708,86","9.528,30","9.846,08","9.528,30","","1,90%"
"16.10.2020","9.528,14","9.728,71","9.728,71","9.528,14","","-2,05%"
"15.10.2020","9.727,88","9.797,37","9.802,57","9.616,74","","-0,71%"
"14.10.2020","9.797,52","9.734,22","9.863,98","9.733,61","","0,65%"
"13.10.2020","9.734,22","9.740,00","9.829,81","9.662,14","","-0,04%"
"09.10.2020","9.737,90","9.763,38","9.927,69","9.618,70","","-0,30%"
"08.10.2020","9.766,84","9.353,95","9.788,22","9.347,80","","4,42%"
"07.10.2020","9.353,84","9.448,52","9.507,11","9.339,74","","-0,99%"
"06.10.2020","9.447,70","9.558,35","9.671,42","9.400,25","","-1,15%"
"05.10.2020","9.557,58","9.376,80","9.597,25","9.307,82","","1,93%"
"02.10.2020","9.376,48","9.409,73","9.665,00","9.327,63","","-0,37%"
"01.10.2020","9.411,32","9.344,98","9.413,08","9.247,46","","0,71%"
"30.09.2020","9.344,67","9.254,57","9.399,89","9.252,09","","0,98%"
"29.09.2020","9.253,56","9.442,85","9.470,88","9.230,49","","-2,00%"
"28.09.2020","9.442,88","9.559,55","9.848,80","9.369,29","","-1,20%"
"25.09.2020","9.557,99","9.607,14","9.607,17","9.468,49","","-0,51%"
"24.09.2020","9.607,19","9.338,93","9.686,96","9.332,71","","2,87%"
"23.09.2020","9.338,93","9.531,03","9.549,11","9.334,94","","-2,02%"
"22.09.2020","9.531,03","9.440,39","9.583,20","9.394,22","","0,96%"
"21.09.2020","9.440,35","9.543,36","9.543,36","9.305,71","","-1,09%"
"18.09.2020","9.543,96","9.780,36","9.781,67","9.529,20","","-2,42%"
"17.09.2020","9.781,07","9.788,72","9.806,81","9.674,16","","-0,08%"
"16.09.2020","9.789,14","9.799,07","9.923,81","9.788,80","","-0,10%"
"15.09.2020","9.798,90","9.941,82","9.982,91","9.776,52","","-1,44%"
"14.09.2020","9.941,74","9.714,32","9.977,30","9.714,32","","2,36%"
"11.09.2020","9.712,76","9.857,33","9.895,66","9.665,86","","-1,46%"
"10.09.2020","9.856,82","10.137,11","10.158,48","9.853,02","","-2,76%"
"09.09.2020","10.137,11","10.085,80","10.211,76","10.051,70","","0,51%"
"08.09.2020","10.085,38","10.284,79","10.286,45","10.038,96","","-1,95%"
"04.09.2020","10.286,39","10.256,77","10.375,07","10.075,31","","0,29%"
"03.09.2020","10.256,69","10.228,82","10.536,68","10.130,09","","0,27%"
"02.09.2020","10.228,69","10.233,52","10.283,08","10.110,11","","-0,05%"
"01.09.2020","10.233,36","9.995,42","10.234,21","9.995,05","","2,40%"
"31.08.2020","9.993,37","10.344,99","10.344,99","9.993,37","","-3,41%"
"28.08.2020","10.346,29","10.212,97","10.363,61","10.212,97","","1,31%"
"27.08.2020","10.212,82","10.122,29","10.320,84","10.106,87","","0,90%"
"26.08.2020","10.121,45","10.329,68","10.390,60","9.977,37","","-2,01%"
"25.08.2020","10.329,52","10.333,11","10.415,52","10.274,88","","-0,03%"
"24.08.2020","10.332,50","10.235,27","10.418,94","10.235,27","","0,96%"
"21.08.2020","10.234,41","10.251,65","10.253,04","10.111,35","","-0,16%"
"20.08.2020","10.251,28","10.139,83","10.286,36","9.927,23","","1,10%"
"19.08.2020","10.140,11","10.304,66","10.321,36","10.137,50","","-1,60%"
"18.08.2020","10.304,66","10.003,00","10.318,95","10.003,00","","3,02%"
"17.08.2020","10.002,73","10.322,71","10.336,64","9.896,77","","-3,10%"
"14.08.2020","10.322,62","10.317,83","10.447,24","10.281,86","","0,05%"
"13.08.2020","10.317,83","10.534,95","10.688,64","10.284,11","","-2,05%"
"12.08.2020","10.533,25","10.577,40","10.737,32","10.415,41","","-0,41%"
"11.08.2020","10.577,12","10.710,44","10.854,49","10.577,12","","-1,23%"
"10.08.2020","10.709,02","10.654,97","10.759,00","10.499,13","","0,54%"
"07.08.2020","10.651,35","10.820,24","10.903,72","10.579,53","","-1,57%"
"06.08.2020","10.820,73","10.658,06","10.863,42","10.602,93","","1,53%"
"05.08.2020","10.658,04","10.627,45","10.828,53","10.544,52","","0,29%"
"04.08.2020","10.627,69","10.926,13","10.928,00","10.515,59","","-2,73%"
"03.08.2020","10.926,13","10.850,49","11.074,51","10.744,80","","0,69%"
"31.07.2020","10.850,73","11.118,28","11.159,90","10.820,58","","-2,41%"
"30.07.2020","11.118,28","11.288,67","11.288,67","10.994,02","","-1,51%"
"29.07.2020","11.289,12","11.105,67","11.297,36","11.105,67","","1,65%"
"28.07.2020","11.105,66","11.203,99","11.234,58","11.062,65","","-0,88%"
"27.07.2020","11.204,42","10.890,60","11.222,52","10.890,38","","2,88%"
"24.07.2020","10.890,60","10.881,95","10.965,70","10.749,56","","0,08%"
"23.07.2020","10.881,97","11.091,26","11.123,64","10.847,27","","-1,87%"
"22.07.2020","11.088,95","11.154,93","11.188,70","10.944,09","","-0,59%"
"21.07.2020","11.154,87","11.135,94","11.377,79","11.083,95","","0,17%"
"20.07.2020","11.135,97","10.906,05","11.135,97","10.866,45","","2,11%"
"17.07.2020","10.905,51","10.678,49","10.933,54","10.678,49","","2,13%"
"16.07.2020","10.678,38","10.786,24","10.786,49","10.647,40","","-0,99%"
"15.07.2020","10.785,03","10.675,92","10.866,34","10.675,92","","1,03%"
"14.07.2020","10.675,59","10.525,08","10.679,21","10.465,91","","1,44%"
"13.07.2020","10.524,42","10.619,48","10.747,93","10.524,42","","-0,89%"
"10.07.2020","10.619,39","10.498,79","10.619,42","10.375,59","","1,15%"
"09.07.2020","10.498,85","10.636,04","10.689,38","10.481,63","","-1,29%"
"08.07.2020","10.635,90","10.296,90","10.654,26","10.296,90","","3,29%"
"07.07.2020","10.296,90","10.545,27","10.545,49","10.253,42","","-2,35%"
"06.07.2020","10.545,22","10.250,33","10.621,92","10.250,33","","2,89%"
"03.07.2020","10.248,82","10.178,81","10.248,82","10.097,94","","0,69%"
"02.07.2020","10.178,73","10.134,59","10.413,66","10.134,26","","0,45%"
"01.07.2020","10.132,63","9.928,53","10.214,86","9.928,53","","2,08%"
"30.06.2020","9.926,25","10.194,46","10.194,46","9.901,13","","-2,63%"
"29.06.2020","10.194,23","9.890,76","10.194,23","9.890,76","","3,07%"
"26.06.2020","9.890,18","10.157,72","10.160,62","9.839,51","","-2,63%"
"25.06.2020","10.157,51","9.909,63","10.195,14","9.894,07","","2,50%"
"24.06.2020","9.909,69","10.151,85","10.199,30","9.847,40","","-2,39%"
"23.06.2020","10.151,85","10.099,33","10.371,72","10.085,43","","0,53%"
"22.06.2020","10.098,51","10.242,76","10.299,89","10.024,45","","-1,40%"
"19.06.2020","10.242,34","10.133,35","10.339,22","10.109,65","","1,10%"
"18.06.2020","10.131,33","10.009,39","10.262,61","9.908,32","","1,22%"
"17.06.2020","10.009,39","9.801,81","10.138,41","9.801,81","","2,12%"
"16.06.2020","9.801,73","9.643,58","9.962,23","9.643,58","","1,67%"
"15.06.2020","9.640,55","9.800,47","9.800,47","9.497,66","","-1,64%"
"12.06.2020","9.801,11","10.007,85","10.007,85","9.629,42","","-2,08%"
"10.06.2020","10.008,87","10.349,20","10.490,03","10.008,87","","-3,28%"
"09.06.2020","10.347,95","10.463,09","10.481,09","10.162,10","","-1,10%"
"08.06.2020","10.463,09","10.038,36","10.478,48","10.038,36","","4,23%"
"05.06.2020","10.038,08","9.939,59","10.513,18","9.939,59","","1,00%"
"04.06.2020","9.938,91","9.805,04","10.021,75","9.644,73","","1,36%"
"03.06.2020","9.805,86","9.357,70","9.841,57","9.357,70","","4,79%"
"02.06.2020","9.357,51","8.984,95","9.373,03","8.982,35","","4,19%"
"01.06.2020","8.981,44","8.779,37","9.052,96","8.712,77","","2,30%"
"29.05.2020","8.779,31","8.828,39","8.829,29","8.605,85","","-0,55%"
"28.05.2020","8.828,21","8.932,49","8.996,14","8.792,16","","-1,17%"
"27.05.2020","8.932,49","8.792,82","8.996,60","8.792,82","","1,60%"
"26.05.2020","8.791,66","8.987,64","9.144,17","8.791,66","","-2,18%"
"25.05.2020","8.987,56","8.456,42","9.007,54","8.456,40","","6,29%"
"22.05.2020","8.455,91","8.467,64","8.523,97","8.309,79","","-0,13%"
"21.05.2020","8.467,25","8.018,33","8.469,29","8.017,77","","5,60%"
"20.05.2020","8.018,33","7.968,62","8.088,41","7.946,41","","0,63%"
"19.05.2020","7.968,33","8.201,06","8.204,93","7.968,33","","-2,84%"
"18.05.2020","8.201,03","7.779,36","8.222,38","7.779,34","","5,43%"
"15.05.2020","7.778,86","7.932,39","8.038,68","7.778,10","","-1,94%"
"14.05.2020","7.932,86","7.647,38","7.933,06","7.369,92","","3,73%"
"13.05.2020","7.647,54","7.670,90","7.813,10","7.558,16","","-0,30%"
"12.05.2020","7.670,89","7.907,47","7.994,81","7.670,89","","-2,98%"
"11.05.2020","7.906,49","8.007,71","8.112,10","7.898,55","","-1,27%"
"08.05.2020","8.008,46","7.775,06","8.114,19","7.775,06","","3,01%"
"07.05.2020","7.774,67","8.093,45","8.136,18","7.767,67","","-3,94%"
"06.05.2020","8.093,39","8.233,25","8.273,42","8.007,22","","-1,69%"
"05.05.2020","8.232,19","8.151,66","8.436,89","8.151,66","","0,99%"
"04.05.2020","8.151,52","8.410,37","8.410,37","8.058,00","","-3,08%"
"30.04.2020","8.410,76","8.767,09","8.768,17","8.373,97","","-4,08%"
"29.04.2020","8.768,19","8.615,32","8.812,14","8.542,38","","1,79%"
"28.04.2020","8.614,18","8.105,39","8.645,04","8.105,39","","6,32%"
"27.04.2020","8.102,28","7.792,70","8.252,37","7.792,54","","3,99%"
"24.04.2020","7.791,60","8.462,04","8.462,04","7.552,74","","-7,92%"
"23.04.2020","8.462,12","8.642,75","8.764,75","8.359,25","","-2,08%"
"22.04.2020","8.641,74","8.597,86","8.811,80","8.558,48","","0,51%"
"20.04.2020","8.597,86","8.663,40","8.727,19","8.445,06","","-0,81%"
"17.04.2020","8.667,68","8.544,39","8.813,83","8.519,21","","1,45%"
"16.04.2020","8.544,08","8.745,24","8.913,91","8.541,50","","-2,27%"
"15.04.2020","8.742,80","8.913,50","8.933,17","8.658,87","","-1,92%"
"14.04.2020","8.913,67","8.795,16","9.198,56","8.795,16","","1,35%"
"13.04.2020","8.794,91","8.639,74","8.794,91","8.438,23","","1,79%"
"09.04.2020","8.640,17","8.713,48","8.889,49","8.604,81","","-0,79%"
"08.04.2020","8.709,34","8.432,93","8.796,06","8.393,53","","3,17%"
"07.04.2020","8.441,94","8.144,70","8.831,13","8.144,70","","3,70%"
"06.04.2020","8.140,59","7.586,90","8.330,48","7.586,90","","7,31%"
"03.04.2020","7.586,00","7.876,95","7.881,62","7.369,02","","-3,69%"
"02.04.2020","7.876,28","7.726,40","7.955,48","7.697,41","","1,94%"
"01.04.2020","7.726,39","8.115,87","8.115,87","7.570,86","","-4,81%"
"31.03.2020","8.116,88","8.403,79","8.404,84","8.010,02","","-3,41%"
"30.03.2020","8.403,79","8.203,34","8.433,63","8.203,11","","2,45%"
"27.03.2020","8.203,17","8.678,78","8.678,78","8.157,19","","-5,49%"
"26.03.2020","8.679,31","8.415,87","8.824,63","8.409,75","","3,13%"
"25.03.2020","8.415,87","7.838,06","8.725,41","7.765,11","","7,38%"
"24.03.2020","7.837,23","6.929,34","7.968,97","6.929,34","","13,15%"
"23.03.2020","6.926,18","7.487,49","7.568,60","6.817,25","","-7,51%"
"20.03.2020","7.488,32","7.747,66","8.114,77","7.406,76","","-3,29%"
"19.03.2020","7.743,18","7.875,68","7.966,30","7.228,43","","-1,74%"
"18.03.2020","7.880,37","8.634,15","8.634,15","7.484,47","","-8,78%"
"17.03.2020","8.638,53","8.212,43","8.975,55","8.159,67","","5,22%"
"16.03.2020","8.209,97","9.461,58","9.461,58","8.180,78","","-13,28%"
"13.03.2020","9.467,40","8.400,41","9.678,49","8.399,26","","12,78%"
"12.03.2020","8.394,61","9.645,12","9.645,12","7.857,45","","-12,98%"
"11.03.2020","9.647,18","10.438,36","10.438,36","9.149,20","","-7,58%"
"10.03.2020","10.438,45","9.938,93","10.608,80","9.938,93","","5,04%"
"09.03.2020","9.937,42","10.981,53","10.981,53","9.914,65","","-9,52%"
"06.03.2020","10.983,15","11.209,94","11.210,00","10.775,20","","-2,03%"
"05.03.2020","11.210,59","11.757,50","11.757,50","11.087,33","","-4,68%"
"04.03.2020","11.760,45","11.874,35","12.043,08","11.509,66","","-0,96%"
"03.03.2020","11.874,21","12.146,23","12.187,25","11.741,87","","-2,24%"
"02.03.2020","12.146,22","12.047,90","12.223,80","11.920,50","","0,81%"
"28.02.2020","12.048,72","11.774,91","12.048,72","11.550,24","","2,32%"
"27.02.2020","11.775,13","11.875,16","12.201,49","11.710,03","","-0,85%"
"26.02.2020","11.876,23","12.622,53","12.622,53","11.783,42","","-5,96%"
"21.02.2020","12.629,19","12.743,44","12.743,44","12.530,83","","-0,90%"
"20.02.2020","12.743,48","12.937,24","12.972,55","12.716,77","","-1,50%"
"19.02.2020","12.937,24","12.737,62","12.990,84","12.706,33","","1,57%"
"18.02.2020","12.737,59","12.745,64","12.745,64","12.560,72","","-0,06%"
"17.02.2020","12.745,64","12.723,10","12.832,89","12.690,16","","0,19%"
"14.02.2020","12.721,85","12.842,54","12.849,57","12.713,28","","-0,94%"
"13.02.2020","12.842,54","13.017,31","13.017,31","12.791,03","","-1,37%"
"12.02.2020","13.020,35","12.986,94","13.163,38","12.895,68","","0,27%"
"11.02.2020","12.985,79","12.714,06","13.056,06","12.713,46","","2,15%"
"10.02.2020","12.712,73","12.781,34","12.817,26","12.654,98","","-0,54%"
"07.02.2020","12.781,34","12.817,16","12.901,00","12.717,53","","-0,28%"
"06.02.2020","12.817,21","12.929,54","13.050,23","12.777,68","","-0,86%"
"05.02.2020","12.928,18","12.771,21","13.063,86","12.771,21","","1,23%"
"04.02.2020","12.770,99","12.764,90","12.939,61","12.721,49","","0,06%"
"03.02.2020","12.763,43","12.723,30","12.867,68","12.575,06","","0,32%"
"31.01.2020","12.722,87","12.905,12","12.905,12","12.630,03","","-1,41%"
"30.01.2020","12.905,20","12.820,98","12.910,69","12.617,96","","0,65%"
"29.01.2020","12.821,41","12.985,45","13.044,27","12.811,80","","-1,26%"
"28.01.2020","12.984,95","12.829,38","13.027,47","12.829,35","","1,21%"
"27.01.2020","12.829,86","13.139,66","13.139,66","12.803,87","","-2,36%"
"24.01.2020","13.140,33","13.249,71","13.275,62","13.088,31","","-0,83%"
"23.01.2020","13.249,68","12.974,05","13.299,72","12.841,47","","2,12%"
"22.01.2020","12.974,03","12.742,45","12.974,03","12.742,45","","1,85%"
"21.01.2020","12.738,84","13.033,24","13.033,24","12.738,84","","-2,26%"
"20.01.2020","13.033,24","13.136,04","13.136,04","12.981,75","","-0,78%"
"17.01.2020","13.135,70","12.921,02","13.135,70","12.921,02","","1,68%"
"16.01.2020","12.918,84","12.839,98","12.968,06","12.831,74","","0,61%"
"15.01.2020","12.839,96","13.023,95","13.024,53","12.775,14","","-1,41%"
"14.01.2020","13.023,95","13.005,00","13.023,95","12.909,77","","0,14%"
"13.01.2020","13.005,18","12.901,17","13.074,04","12.901,07","","0,81%"
"10.01.2020","12.901,07","13.036,38","13.149,78","12.854,17","","-1,04%"
"09.01.2020","13.036,25","13.160,87","13.232,04","12.995,47","","-0,94%"
"08.01.2020","13.160,53","13.299,94","13.381,88","13.139,37","","-1,05%"
"07.01.2020","13.299,94","13.374,46","13.414,57","13.244,95","","-0,56%"
"06.01.2020","13.374,46","13.505,56","13.509,50","13.312,56","","-0,97%"
"03.01.2020","13.505,56","13.608,93","13.646,50","13.420,80","","-0,78%"
"02.01.2020","13.612,13","13.221,25","13.612,13","13.220,24","","2,96%"
"30.12.2019","13.220,73","13.299,10","13.371,49","13.208,91","","-0,59%"
"27.12.2019","13.298,99","13.440,07","13.505,07","13.223,92","","-1,05%"
"26.12.2019","13.439,96","13.290,04","13.443,06","13.251,47","","1,13%"
"23.12.2019","13.289,30","13.270,26","13.293,30","13.160,95","","0,14%"
"20.12.2019","13.270,43","13.297,46","13.301,21","13.190,05","","-0,20%"
"19.12.2019","13.297,46","13.207,58","13.297,46","13.091,33","","0,68%"
"18.12.2019","13.207,58","12.953,94","13.207,58","12.898,22","","1,97%"
"17.12.2019","12.952,98","12.708,54","12.965,80","12.708,54","","1,92%"
"16.12.2019","12.708,63","12.864,28","12.942,85","12.708,63","","-1,19%"
"13.12.2019","12.861,36","12.799,54","12.920,12","12.759,23","","0,48%"
"12.12.2019","12.799,46","12.695,17","12.839,99","12.695,17","","0,82%"
"11.12.2019","12.695,13","12.760,47","12.867,51","12.643,66","","-0,51%"
"10.12.2019","12.760,47","12.883,08","12.914,21","12.713,77","","-0,96%"
"09.12.2019","12.884,63","12.868,27","12.926,77","12.828,02","","0,12%"
"06.12.2019","12.868,62","12.948,80","13.016,66","12.856,08","","-0,62%"
"05.12.2019","12.948,56","12.937,31","13.019,52","12.900,36","","0,10%"
"04.12.2019","12.935,60","12.666,62","12.935,60","12.666,62","","2,13%"
"03.12.2019","12.666,04","12.592,29","12.704,59","12.572,13","","0,59%"
"02.12.2019","12.592,14","12.545,49","12.694,82","12.545,49","","0,37%"
"29.11.2019","12.545,49","12.522,68","12.585,69","12.479,37","","0,18%"
"28.11.2019","12.522,66","12.472,18","12.533,73","12.318,91","","0,40%"
"27.11.2019","12.472,18","12.315,24","12.515,70","12.261,76","","1,27%"
"26.11.2019","12.315,19","12.580,13","12.580,13","12.231,24","","-2,11%"
"25.11.2019","12.580,41","12.765,89","12.771,00","12.569,35","","-1,45%"
"22.11.2019","12.765,86","12.641,95","12.765,86","12.582,08","","0,98%"
"21.11.2019","12.642,03","12.475,89","12.642,03","12.466,33","","1,33%"
"19.11.2019","12.475,89","12.558,38","12.603,77","12.397,54","","-0,65%"
"18.11.2019","12.556,95","12.675,71","12.788,60","12.556,95","","-0,94%"
"14.11.2019","12.675,64","12.571,01","12.676,26","12.509,37","","0,83%"
"13.11.2019","12.571,15","12.673,09","12.673,09","12.446,45","","-0,81%"
"12.11.2019","12.674,00","12.842,75","12.842,75","12.555,67","","-1,31%"
"11.11.2019","12.842,75","12.713,85","12.842,75","12.621,71","","0,98%"
"08.11.2019","12.718,35","12.941,56","12.941,56","12.643,60","","-1,74%"
"07.11.2019","12.943,14","12.924,88","13.008,77","12.883,64","","0,14%"
"06.11.2019","12.924,88","13.018,85","13.121,07","12.889,11","","-0,72%"
"05.11.2019","13.018,49","12.909,13","13.096,21","12.906,90","","0,85%"
"04.11.2019","12.909,30","12.890,97","12.982,81","12.824,69","","0,14%"
"01.11.2019","12.890,82","12.846,20","12.968,62","12.800,75","","0,35%"
"31.10.2019","12.846,17","13.079,28","13.089,87","12.734,71","","-1,78%"
"30.10.2019","13.079,54","13.003,60","13.081,84","12.801,93","","0,58%"
"29.10.2019","13.003,89","13.164,34","13.164,34","12.971,56","","-1,22%"
"28.10.2019","13.164,55","12.984,47","13.167,24","12.963,07","","1,39%"
"25.10.2019","12.984,47","12.923,33","13.050,24","12.891,73","","0,47%"
"24.10.2019","12.923,09","12.909,77","12.971,64","12.846,05","","0,12%"
"23.10.2019","12.907,36","12.784,26","12.936,09","12.694,23","","0,96%"
"22.10.2019","12.784,00","12.516,10","12.784,00","12.495,70","","2,14%"
"21.10.2019","12.516,02","12.356,62","12.516,42","12.285,97","","1,29%"
"18.10.2019","12.356,91","12.367,39","12.410,19","12.323,55","","-0,08%"
"17.10.2019","12.367,39","12.367,55","12.472,11","12.311,99","","-0,02%"
"16.10.2019","12.369,45","12.183,48","12.382,23","12.070,03","","1,53%"
"15.10.2019","12.183,62","12.221,32","12.296,93","12.170,53","","-0,33%"
"14.10.2019","12.224,39","12.099,41","12.247,35","12.055,28","","1,04%"
"11.10.2019","12.098,79","11.882,65","12.153,74","11.881,79","","1,85%"
"10.10.2019","11.878,92","11.809,29","11.952,90","11.769,68","","0,59%"
"09.10.2019","11.809,29","11.568,60","11.839,91","11.567,96","","2,14%"
"08.10.2019","11.562,28","11.593,05","11.725,72","11.543,42","","-0,26%"
"07.10.2019","11.592,16","11.872,40","11.881,17","11.592,16","","-2,36%"
"04.10.2019","11.872,05","11.789,33","11.875,08","11.674,77","","0,70%"
"03.10.2019","11.789,33","11.752,34","11.830,04","11.648,91","","0,31%"
"02.10.2019","11.752,34","12.088,19","12.088,19","11.717,79","","-2,78%"
"01.10.2019","12.088,93","12.246,31","12.306,86","12.070,43","","-1,28%"
"30.09.2019","12.245,31","12.376,86","12.422,29","12.244,71","","-1,06%"
"27.09.2019","12.376,86","12.408,19","12.421,65","12.269,17","","-0,25%"
"26.09.2019","12.408,19","12.210,27","12.411,82","12.210,27","","1,62%"
"25.09.2019","12.209,88","12.157,37","12.209,88","12.031,93","","0,43%"
"24.09.2019","12.157,98","12.305,34","12.353,71","12.114,63","","-1,20%"
"23.09.2019","12.305,30","12.351,53","12.351,53","12.171,44","","-0,37%"
"20.09.2019","12.351,27","12.242,82","12.383,34","12.235,07","","0,89%"
"19.09.2019","12.242,70","12.378,19","12.537,24","12.228,36","","-1,09%"
"18.09.2019","12.377,92","12.290,52","12.377,92","12.232,81","","0,71%"
"17.09.2019","12.290,52","12.092,29","12.290,52","12.021,93","","1,63%"
"16.09.2019","12.093,62","12.156,01","12.156,01","12.012,83","","-0,51%"
"13.09.2019","12.155,52","12.256,96","12.312,39","12.136,44","","-0,82%"
"12.09.2019","12.256,25","12.237,75","12.355,59","12.188,79","","0,15%"
"11.09.2019","12.237,60","12.207,65","12.340,90","12.207,65","","0,25%"
"10.09.2019","12.207,49","12.326,97","12.374,17","12.128,44","","-0,97%"
"09.09.2019","12.327,26","12.313,01","12.531,66","12.290,88","","0,12%"
"06.09.2019","12.313,01","12.032,46","12.313,01","12.032,46","","2,34%"
"05.09.2019","12.031,67","11.794,98","12.200,57","11.794,57","","2,01%"
"04.09.2019","11.794,53","11.646,82","11.798,99","11.646,82","","1,27%"
"03.09.2019","11.646,67","11.832,01","11.944,61","11.614,40","","-1,57%"
"02.09.2019","11.832,01","11.993,92","12.026,67","11.825,07","","-1,36%"
"30.08.2019","11.994,70","11.850,61","12.030,46","11.850,61","","1,22%"
"29.08.2019","11.850,56","11.669,47","11.906,25","11.649,49","","1,56%"
"28.08.2019","11.668,40","11.599,35","11.724,21","11.471,80","","0,60%"
"27.08.2019","11.598,29","11.460,09","11.679,57","11.401,77","","1,21%"
"26.08.2019","11.459,95","11.640,81","11.731,20","11.369,39","","-1,51%"
"23.08.2019","11.635,71","11.920,04","11.924,93","11.559,06","","-2,39%"
"22.08.2019","11.920,67","12.056,17","12.123,95","11.920,35","","-1,12%"
"21.08.2019","12.056,18","11.861,45","12.093,92","11.861,45","","1,66%"
"20.08.2019","11.859,66","11.893,59","11.940,10","11.675,27","","-0,28%"
"19.08.2019","11.893,44","11.953,88","12.111,37","11.838,74","","-0,49%"
"16.08.2019","11.951,65","11.881,54","12.037,65","11.877,87","","0,72%"
"15.08.2019","11.866,20","11.941,84","12.023,71","11.760,09","","-0,61%"
"14.08.2019","11.938,56","12.245,53","12.245,53","11.892,10","","-2,51%"
"13.08.2019","12.246,33","12.020,64","12.304,79","11.989,96","","1,88%"
"12.08.2019","12.020,40","12.368,74","12.368,74","11.983,70","","-2,83%"
"09.08.2019","12.369,90","12.397,91","12.432,08","12.259,04","","-0,22%"
"08.08.2019","12.397,14","12.221,41","12.444,13","12.220,97","","1,48%"
"07.08.2019","12.216,34","11.961,57","12.216,34","11.819,25","","2,13%"
"06.08.2019","11.961,50","11.646,03","11.966,94","11.646,03","","2,71%"
"05.08.2019","11.645,73","11.892,77","11.892,77","11.585,68","","-2,08%"
"02.08.2019","11.893,01","11.891,69","11.981,07","11.784,35","","0,02%"
"01.08.2019","11.890,45","11.854,86","12.148,09","11.854,86","","0,30%"
"31.07.2019","11.854,86","12.092,17","12.108,07","11.793,44","","-1,96%"
"30.07.2019","12.091,46","12.223,47","12.225,02","12.000,78","","-1,08%"
"29.07.2019","12.223,65","12.173,95","12.258,29","12.132,57","","0,42%"
"26.07.2019","12.172,77","12.147,80","12.239,29","12.086,43","","0,21%"
"25.07.2019","12.146,86","12.526,14","12.543,89","12.126,39","","-3,03%"
"24.07.2019","12.526,14","12.349,70","12.526,14","12.349,70","","1,43%"
"23.07.2019","12.349,70","12.367,55","12.433,48","12.305,05","","-0,14%"
"22.07.2019","12.367,32","12.205,31","12.413,54","12.205,29","","1,33%"
"19.07.2019","12.205,26","12.429,67","12.431,37","12.202,98","","-1,80%"
"18.07.2019","12.429,57","12.265,51","12.440,64","12.265,51","","1,34%"
"17.07.2019","12.265,46","12.256,46","12.364,19","12.243,80","","0,09%"
"16.07.2019","12.254,11","12.183,99","12.266,51","12.181,15","","0,58%"
"15.07.2019","12.183,75","12.242,08","12.318,19","12.130,83","","-0,36%"
"12.07.2019","12.228,08","12.476,88","12.545,06","12.228,08","","-1,99%"
"11.07.2019","12.476,88","12.618,07","12.626,99","12.408,27","","-1,11%"
"10.07.2019","12.617,31","12.530,95","12.796,73","12.530,95","","0,70%"
"08.07.2019","12.529,73","12.541,60","12.554,62","12.476,07","","-0,09%"
"05.07.2019","12.541,60","12.412,88","12.543,74","12.309,71","","1,04%"
"04.07.2019","12.412,73","12.168,43","12.463,52","12.168,43","","2,01%"
"03.07.2019","12.168,43","11.970,97","12.183,28","11.919,12","","1,65%"
"02.07.2019","11.970,93","12.048,82","12.110,49","11.912,25","","-0,65%"
"01.07.2019","12.048,82","12.005,60","12.156,95","12.002,44","","0,36%"
"28.06.2019","12.005,39","12.014,00","12.104,39","12.001,25","","-0,07%"
"27.06.2019","12.013,71","11.996,62","12.054,78","11.813,24","","0,14%"
"26.06.2019","11.996,62","11.847,28","12.030,28","11.847,28","","1,26%"
"25.06.2019","11.846,84","12.057,82","12.058,79","11.810,37","","-1,75%"
"24.06.2019","12.058,10","12.032,95","12.152,08","11.980,07","","0,22%"
"21.06.2019","12.031,62","11.730,05","12.031,62","11.730,05","","2,57%"
"19.06.2019","11.730,05","11.639,45","11.746,33","11.531,04","","0,78%"
"18.06.2019","11.639,52","11.319,49","11.639,52","11.319,49","","2,83%"
"17.06.2019","11.319,15","11.332,85","11.405,84","11.284,89","","-0,12%"
"14.06.2019","11.332,90","11.497,21","11.497,80","11.256,22","","-1,43%"
"13.06.2019","11.497,50","11.612,32","11.635,68","11.453,92","","-0,97%"
"12.06.2019","11.610,66","11.692,65","11.747,40","11.554,10","","-0,70%"
"11.06.2019","11.692,66","11.602,64","11.707,75","11.586,62","","0,78%"
"10.06.2019","11.601,60","11.709,88","11.709,88","11.467,44","","-0,92%"
"07.06.2019","11.709,47","11.678,99","11.798,91","11.667,83","","0,26%"
"06.06.2019","11.678,99","11.461,42","11.693,13","11.461,42","","1,90%"
"05.06.2019","11.461,40","11.664,75","11.690,95","11.415,76","","-1,74%"
"04.06.2019","11.664,45","11.640,98","11.719,36","11.588,90","","0,21%"
"03.06.2019","11.640,45","11.629,72","11.718,08","11.562,57","","0,10%"
"31.05.2019","11.628,26","11.648,16","11.753,46","11.580,98","","-0,17%"
"30.05.2019","11.648,16","11.479,25","11.659,55","11.455,40","","1,47%"
"29.05.2019","11.479,25","11.348,74","11.518,84","11.305,13","","1,15%"
"28.05.2019","11.348,83","11.090,80","11.363,08","11.090,80","","2,33%"
"27.05.2019","11.090,80","10.997,79","11.178,47","10.996,93","","0,99%"
"24.05.2019","10.981,82","11.063,54","11.135,99","10.939,82","","-0,58%"
"23.05.2019","11.045,76","11.041,02","11.093,40","10.924,71","","0,03%"
"22.05.2019","11.042,75","11.098,83","11.170,14","10.966,54","","-0,51%"
"21.05.2019","11.098,83","10.682,48","11.115,06","10.682,48","","3,90%"
"20.05.2019","10.682,45","10.374,09","10.703,53","10.367,88","","2,95%"
"17.05.2019","10.376,52","10.402,84","10.567,73","10.280,80","","-0,25%"
"16.05.2019","10.402,39","10.573,56","10.574,97","10.337,58","","-1,62%"
"15.05.2019","10.573,83","10.645,42","10.645,42","10.405,47","","-0,68%"
"14.05.2019","10.645,74","10.647,91","10.740,33","10.602,32","","-0,02%"
"13.05.2019","10.647,57","10.899,84","10.899,84","10.624,50","","-2,31%"
"10.05.2019","10.899,86","10.989,94","11.007,75","10.800,28","","-0,82%"
"09.05.2019","10.989,94","11.064,47","11.065,26","10.883,65","","-0,68%"
"08.05.2019","11.065,74","10.898,11","11.170,13","10.898,11","","1,54%"
"07.05.2019","10.897,68","10.948,80","10.949,03","10.690,33","","-0,47%"
"06.05.2019","10.948,64","11.129,32","11.129,32","10.944,76","","-1,66%"
"03.05.2019","11.133,73","11.139,27","11.182,20","11.132,77","","-0,05%"
"02.05.2019","11.139,27","11.138,51","11.182,66","11.076,98","","-0,03%"
"30.04.2019","11.142,39","11.115,46","11.185,13","11.047,89","","0,28%"
"29.04.2019","11.111,76","11.159,70","11.257,55","11.054,89","","-0,39%"
"26.04.2019","11.154,86","11.202,72","11.213,85","11.095,12","","-0,43%"
"25.04.2019","11.202,72","11.017,12","11.202,72","10.843,41","","1,68%"
"24.04.2019","11.017,17","11.046,95","11.053,08","10.886,22","","-0,27%"
"23.04.2019","11.046,90","10.825,60","11.083,01","10.825,60","","2,10%"
"22.04.2019","10.820,02","10.817,85","10.874,78","10.689,90","","0,02%"
"18.04.2019","10.817,64","10.677,35","10.900,52","10.641,60","","1,34%"
"17.04.2019","10.674,99","10.804,01","10.890,08","10.542,98","","-1,19%"
"16.04.2019","10.804,01","10.733,58","10.900,19","10.694,42","","0,66%"
"15.04.2019","10.733,58","10.724,03","10.836,33","10.649,99","","0,09%"
"12.04.2019","10.723,80","10.864,97","10.964,33","10.663,36","","-1,31%"
"11.04.2019","10.865,83","11.034,18","11.042,06","10.792,96","","-1,53%"
"10.04.2019","11.034,18","11.054,79","11.119,03","10.980,56","","-0,19%"
"09.04.2019","11.054,65","11.192,92","11.192,92","10.949,17","","-1,25%"
"08.04.2019","11.194,84","11.194,17","11.218,85","11.105,49","","0,01%"
"05.04.2019","11.193,95","11.051,93","11.228,70","11.015,48","","1,30%"
"04.04.2019","11.050,45","10.850,36","11.091,95","10.828,23","","1,84%"
"03.04.2019","10.850,36","10.975,93","11.110,34","10.801,42","","-1,14%"
"02.04.2019","10.975,88","11.065,56","11.125,49","10.919,37","","-0,77%"
"01.04.2019","11.060,88","11.004,60","11.169,77","11.004,60","","0,51%"
"29.03.2019","11.004,44","10.896,10","11.026,23","10.888,47","","1,04%"
"28.03.2019","10.891,01","10.513,01","10.954,85","10.467,22","","3,59%"
"27.03.2019","10.513,31","10.965,71","10.965,71","10.513,31","","-4,12%"
"26.03.2019","10.965,57","10.838,02","11.003,57","10.813,15","","1,18%"
"25.03.2019","10.837,78","10.812,32","10.951,27","10.724,23","","0,24%"
"22.03.2019","10.812,32","11.165,93","11.165,93","10.738,35","","-3,18%"
"21.03.2019","11.167,42","11.383,12","11.389,57","11.013,21","","-1,89%"
"20.03.2019","11.382,42","11.622,71","11.649,21","11.379,66","","-2,07%"
"19.03.2019","11.623,60","11.760,64","11.768,19","11.623,60","","-1,17%"
"18.03.2019","11.760,73","11.704,24","11.789,20","11.698,96","","0,48%"
"15.03.2019","11.704,49","11.629,48","11.719,43","11.626,01","","0,64%"
"14.03.2019","11.629,63","11.730,59","11.735,91","11.518,76","","-0,85%"
"13.03.2019","11.729,70","11.624,79","11.782,29","11.528,89","","0,90%"
"12.03.2019","11.624,79","11.613,56","11.624,79","11.493,04","","0,10%"
"11.03.2019","11.612,77","11.244,67","11.612,77","11.244,63","","3,31%"
"08.03.2019","11.240,35","11.040,90","11.250,55","10.930,02","","1,81%"
"07.03.2019","11.040,93","11.014,31","11.083,82","10.960,45","","0,24%"
"06.03.2019","11.014,33","11.124,63","11.209,00","10.992,91","","-0,96%"
"01.03.2019","11.121,63","11.229,68","11.299,18","11.111,10","","-0,96%"
"28.02.2019","11.229,68","11.480,66","11.508,31","11.229,68","","-2,18%"
"27.02.2019","11.480,41","11.614,18","11.615,85","11.460,44","","-1,15%"
"26.02.2019","11.613,83","11.535,76","11.627,52","11.532,61","","0,69%"
"25.02.2019","11.534,75","11.622,64","11.693,18","11.517,05","","-0,76%"
"22.02.2019","11.622,64","11.539,93","11.641,94","11.539,93","","0,72%"
"21.02.2019","11.539,88","11.447,88","11.553,49","11.391,75","","0,82%"
"20.02.2019","11.446,41","11.604,33","11.729,81","11.445,84","","-1,36%"
"19.02.2019","11.603,89","11.436,26","11.701,35","11.436,26","","1,47%"
"18.02.2019","11.435,41","11.601,54","11.601,58","11.403,03","","-1,43%"
"15.02.2019","11.601,54","11.679,60","11.701,69","11.515,08","","-0,66%"
"14.02.2019","11.679,10","11.309,86","11.679,10","11.201,50","","3,27%"
"13.02.2019","11.308,94","11.498,81","11.551,56","11.282,57","","-1,65%"
"12.02.2019","11.498,32","11.232,32","11.565,21","11.232,32","","2,38%"
"11.02.2019","11.231,40","11.371,06","11.393,86","11.145,47","","-1,23%"
"08.02.2019","11.370,86","11.185,89","11.438,07","11.142,32","","1,60%"
"07.02.2019","11.192,25","11.181,96","11.351,75","11.033,54","","0,09%"
"06.02.2019","11.181,70","11.674,70","11.674,70","11.181,70","","-4,22%"
"05.02.2019","11.674,70","11.757,37","11.757,37","11.529,95","","-0,70%"
"04.02.2019","11.757,37","11.554,32","11.760,17","11.410,03","","1,76%"
"01.02.2019","11.554,32","11.522,26","11.592,67","11.426,06","","0,28%"
"31.01.2019","11.521,56","11.292,98","11.647,44","11.292,98","","2,02%"
"30.01.2019","11.292,93","11.228,58","11.316,92","11.111,95","","0,57%"
"29.01.2019","11.228,86","11.285,98","11.379,12","11.228,86","","-0,51%"
"28.01.2019","11.285,93","11.179,44","11.342,67","11.062,46","","0,95%"
"24.01.2019","11.179,97","11.086,09","11.179,97","11.060,54","","0,85%"
"23.01.2019","11.086,09","10.895,72","11.092,57","10.890,07","","1,78%"
"22.01.2019","10.892,44","10.954,75","10.999,75","10.843,86","","-0,57%"
"21.01.2019","10.954,62","11.017,28","11.017,78","10.860,92","","-0,57%"
"18.01.2019","11.017,28","10.921,31","11.062,58","10.916,90","","0,88%"
"17.01.2019","10.921,31","10.871,35","10.945,67","10.788,13","","0,46%"
"16.01.2019","10.871,35","10.847,92","10.875,80","10.779,56","","0,23%"
"15.01.2019","10.846,77","10.936,21","10.938,41","10.748,49","","-0,82%"
"14.01.2019","10.936,21","10.789,71","10.938,65","10.763,76","","1,36%"
"11.01.2019","10.789,78","10.794,91","10.806,27","10.713,84","","-0,05%"
"10.01.2019","10.794,91","10.740,86","10.857,96","10.684,60","","0,45%"
"09.01.2019","10.746,32","10.649,49","10.748,78","10.649,08","","0,92%"
"08.01.2019","10.648,66","10.611,79","10.667,06","10.444,01","","0,35%"
"07.01.2019","10.611,79","10.595,91","10.712,08","10.540,33","","0,17%"
"04.01.2019","10.594,19","10.708,01","10.784,71","10.539,94","","-1,06%"
"03.01.2019","10.708,01","10.564,67","10.708,01","10.481,98","","1,36%"
"02.01.2019","10.564,18","10.126,79","10.620,45","10.117,43","","4,32%"